publisher_id,country,name,platform,proposed_url,other_candidates,decision,reason
1024,AF,8am Media,facebook_url,https://www.facebook.com/8am.media,,apply,handle matches name/domain
1024,AF,8am Media,youtube_url,https://www.youtube.com/channel/UCHFECXm1gJkaxDGa5oFneTQ,,review,handle does not match name/domain
1024,AF,8am Media,instagram_url,https://www.instagram.com/8am.af_official,,apply,handle matches name/domain
1024,AF,8am Media,x_url,https://x.com/hashtesubhdaily,,review,handle does not match name/domain
1023,AF,Khaama Press,facebook_url,https://www.facebook.com/khaamapressglobal,,apply,handle matches name/domain
1023,AF,Khaama Press,instagram_url,https://www.instagram.com/khaamapress,,apply,handle matches name/domain
1023,AF,Khaama Press,tiktok_url,https://www.tiktok.com/@khaamapress,,apply,handle matches name/domain
1023,AF,Khaama Press,x_url,https://x.com/khaama,,apply,handle matches name/domain
625,AL,Euronews Albania,facebook_url,https://www.facebook.com/euronewsal,,apply,handle matches name/domain
625,AL,Euronews Albania,youtube_url,https://www.youtube.com/channel/UChR-A__NS_C5kHDWj3PeAhw,,review,handle does not match name/domain
625,AL,Euronews Albania,instagram_url,https://www.instagram.com/euronews_albania,,apply,handle matches name/domain
625,AL,Euronews Albania,x_url,https://x.com/euronewsalbania,,apply,handle matches name/domain
626,AL,Reporter.al,facebook_url,https://www.facebook.com/reporteralbania,,apply,handle matches name/domain
626,AL,Reporter.al,youtube_url,https://www.youtube.com/@reporteralalbania,,apply,handle matches name/domain
626,AL,Reporter.al,instagram_url,https://www.instagram.com/reporteralbania,,apply,handle matches name/domain
626,AL,Reporter.al,x_url,https://x.com/reporteralbania,,apply,handle matches name/domain
170,DZ,Echorouk Online,facebook_url,https://www.facebook.com/echorouk,,apply,handle matches name/domain
170,DZ,Echorouk Online,x_url,https://x.com/echoroukonline,,apply,handle matches name/domain
171,DZ,El Khabar,facebook_url,https://www.facebook.com/elkhabarnews,,apply,handle matches name/domain
171,DZ,El Khabar,youtube_url,https://www.youtube.com/channel/UCm1iosBCZD1E-3rCOZVgvDg,,review,handle does not match name/domain
171,DZ,El Khabar,tiktok_url,https://www.tiktok.com/@elkhabar.tv,,apply,handle matches name/domain
171,DZ,El Khabar,x_url,https://x.com/elkhabarnew,,apply,handle matches name/domain
169,DZ,Liberté-Algérie,facebook_url,https://www.facebook.com/journaliberteofficiel,,apply,handle matches name/domain
169,DZ,Liberté-Algérie,youtube_url,https://www.youtube.com/channel/UCD-k0n-RXnERCO-LQbtMg7A,,review,handle does not match name/domain
169,DZ,Liberté-Algérie,x_url,https://x.com/journalibertedz,,apply,handle matches name/domain
168,DZ,TSA-Algérie,facebook_url,https://www.facebook.com/tsalgerie,,apply,handle matches name/domain
168,DZ,TSA-Algérie,youtube_url,https://www.youtube.com/c/TSAToutsurlAlg%C3%A9rie,,apply,handle matches name/domain
168,DZ,TSA-Algérie,instagram_url,https://www.instagram.com/yourprofile,,review,handle does not match name/domain
168,DZ,TSA-Algérie,x_url,https://x.com/tsalgerie,,apply,handle matches name/domain
529,AD,Bondia.ad,facebook_url,https://www.facebook.com/diaribondia,,apply,handle matches name/domain
529,AD,Bondia.ad,instagram_url,https://www.instagram.com/bondia.ad,,apply,handle matches name/domain
529,AD,Bondia.ad,x_url,https://x.com/bondia,,apply,handle matches name/domain
530,AD,El Periòdic d'Andorra,facebook_url,https://www.facebook.com/periodicand,,apply,handle matches name/domain
530,AD,El Periòdic d'Andorra,youtube_url,https://www.youtube.com/channel/UC7dqcAKLWOJJyTWHsPQj5pw,,review,handle does not match name/domain
530,AD,El Periòdic d'Andorra,instagram_url,https://www.instagram.com/elperiodic.ad,,apply,handle matches name/domain
530,AD,El Periòdic d'Andorra,x_url,https://x.com/periodicand,,apply,handle matches name/domain
292,AO,AllAfrica: Angola,facebook_url,https://www.facebook.com/allafrica,,apply,handle matches name/domain
292,AO,AllAfrica: Angola,x_url,https://x.com/allafrica,,apply,handle matches name/domain
1546,AR,Clarín,facebook_url,https://www.facebook.com/clarincom,,apply,handle matches name/domain
1546,AR,Clarín,youtube_url,https://www.youtube.com/@clarincom,,apply,handle matches name/domain
1546,AR,Clarín,instagram_url,https://www.instagram.com/clarincom,,apply,handle matches name/domain
1546,AR,Clarín,tiktok_url,https://www.tiktok.com/@clarincom,,apply,handle matches name/domain
1546,AR,Clarín,x_url,https://x.com/clarincom,,apply,handle matches name/domain
1547,AR,La Nación,facebook_url,https://www.facebook.com/lanacion,,apply,handle matches name/domain
1547,AR,La Nación,instagram_url,https://www.instagram.com/lanacioncom,,apply,handle matches name/domain
1547,AR,La Nación,x_url,https://x.com/lanacion,,apply,handle matches name/domain
1548,AR,Perfil,facebook_url,https://www.facebook.com/perfilcom,,apply,handle matches name/domain
1548,AR,Perfil,instagram_url,https://www.instagram.com/perfilcom,,apply,handle matches name/domain
1548,AR,Perfil,x_url,https://x.com/perfilcom,,apply,handle matches name/domain
1068,AM,Aravot,facebook_url,https://www.facebook.com/aravot.am,,apply,handle matches name/domain
1068,AM,Aravot,youtube_url,https://www.youtube.com/user/AravotDaily,,apply,handle matches name/domain
1068,AM,Aravot,instagram_url,https://www.instagram.com/aravotdaily,,apply,handle matches name/domain
1068,AM,Aravot,x_url,https://x.com/aravotdaily,,apply,handle matches name/domain
1069,AM,Massis Post,facebook_url,https://www.facebook.com/massispost,,apply,handle matches name/domain
1069,AM,Massis Post,youtube_url,https://www.youtube.com/user/MassisPost,,apply,handle matches name/domain
1069,AM,Massis Post,x_url,https://x.com/massispost,,apply,handle matches name/domain
1067,AM,News.am,youtube_url,https://www.youtube.com/@NewsamChannel,,apply,handle matches name/domain
1067,AM,News.am,instagram_url,https://www.instagram.com/newsamenglish,,apply,handle matches name/domain
65,AU,ABC News Australia,facebook_url,https://www.facebook.com/abc,https://www.facebook.com/abcnews.au,review,handle matches name/domain
65,AU,ABC News Australia,youtube_url,https://www.youtube.com/@abcnewsaustralia,https://www.youtube.com/user/newsonabc,apply,handle matches name/domain
65,AU,ABC News Australia,instagram_url,https://www.instagram.com/abcaustralia,https://www.instagram.com/abcnews_au,review,handle matches name/domain
65,AU,ABC News Australia,tiktok_url,https://www.tiktok.com/@abc,https://www.tiktok.com/@abcnewsaus,review,handle matches name/domain
65,AU,ABC News Australia,x_url,https://x.com/abcnews,https://x.com/abcaustralia,review,handle matches name/domain
68,AU,Crikey,facebook_url,https://www.facebook.com/crikey.com.au,,apply,handle matches name/domain
68,AU,Crikey,youtube_url,https://www.youtube.com/@crikey-com-au,,apply,handle matches name/domain
68,AU,Crikey,instagram_url,https://www.instagram.com/tamepunk,https://www.instagram.com/crikey.news,review,handle does not match name/domain
68,AU,Crikey,x_url,https://x.com/maynereport,https://x.com/rachelrwithers | https://x.com/marquelawyers,review,handle does not match name/domain
66,AU,Sydney Morning Herald,facebook_url,https://www.facebook.com/sydneymorningherald,,apply,handle matches name/domain
66,AU,Sydney Morning Herald,instagram_url,https://www.instagram.com/sydneymorningherald,,apply,handle matches name/domain
66,AU,Sydney Morning Herald,x_url,https://x.com/smh,,apply,handle matches name/domain
519,AT,Kleine Zeitung,facebook_url,https://www.facebook.com/kleinezeitung,,apply,handle matches name/domain
519,AT,Kleine Zeitung,youtube_url,https://www.youtube.com/@kleinevideos,,apply,handle matches name/domain
519,AT,Kleine Zeitung,instagram_url,https://www.instagram.com/kleinezeitung,,apply,handle matches name/domain
519,AT,Kleine Zeitung,tiktok_url,https://www.tiktok.com/@kleinezeitung,,apply,handle matches name/domain
1071,AZ,Report.az,facebook_url,https://www.facebook.com/reportnewsagency,,apply,handle matches name/domain
1071,AZ,Report.az,youtube_url,https://www.youtube.com/channel/UCPSpgPJwGhr5uB0Uui8Lj8g,,review,handle does not match name/domain
1071,AZ,Report.az,instagram_url,https://www.instagram.com/report.az,,apply,handle matches name/domain
1071,AZ,Report.az,x_url,https://x.com/reportaznews,,apply,handle matches name/domain
1070,AZ,Trend News Agency,facebook_url,https://www.facebook.com/en.trend.az,,apply,handle matches name/domain
1070,AZ,Trend News Agency,youtube_url,https://www.youtube.com/user/TRENDNews2011,,apply,handle matches name/domain
1070,AZ,Trend News Agency,x_url,https://x.com/trend_en,,apply,handle matches name/domain
1543,BS,Eyewitness News,facebook_url,https://www.facebook.com/eyewitnessnewsbah,,apply,handle matches name/domain
1543,BS,Eyewitness News,youtube_url,https://www.youtube.com/@ILTVStudios,,review,handle does not match name/domain
1543,BS,Eyewitness News,instagram_url,https://www.instagram.com/ewnews,,apply,handle matches name/domain
1543,BS,Eyewitness News,x_url,https://x.com/ewnewsbahamas,,apply,handle matches name/domain
1544,BS,Our News Bahamas,facebook_url,https://www.facebook.com/ournewsrev,,apply,handle matches name/domain
1544,BS,Our News Bahamas,youtube_url,https://www.youtube.com/user/nb12news,,review,handle does not match name/domain
1544,BS,Our News Bahamas,instagram_url,https://www.instagram.com/ournewsbahamas,,apply,handle matches name/domain
1544,BS,Our News Bahamas,x_url,https://x.com/ournewsrev,,apply,handle matches name/domain
1061,BH,RFI: Bahrain,youtube_url,https://www.youtube.com/channel/UC94pBdaUbepV5n3_F_isSWg,,review,handle does not match name/domain
1011,BD,The Business Standard,facebook_url,https://www.facebook.com/tbsnews.net,,apply,handle matches name/domain
1011,BD,The Business Standard,youtube_url,https://www.youtube.com/channel/UCUNEzmQ3zcifrhn0HwCgjYg,,review,handle does not match name/domain
1011,BD,The Business Standard,instagram_url,https://www.instagram.com/thebusinessstandard,,apply,handle matches name/domain
1011,BD,The Business Standard,x_url,https://x.com/tbsnewsbd,,apply,handle matches name/domain
6750,BB,Barbados Today,facebook_url,https://www.facebook.com/barbadostoday,https://www.facebook.com/246784233190 | https://www.facebook.com/carnivalpulse,review,handle matches name/domain
6750,BB,Barbados Today,youtube_url,https://www.youtube.com/user/barbadostoday,https://www.youtube.com/@barbadostodaynews,apply,handle matches name/domain
6750,BB,Barbados Today,instagram_url,https://www.instagram.com/barbadostoday,,apply,handle matches name/domain
6750,BB,Barbados Today,x_url,https://x.com/barbadostoday,,apply,handle matches name/domain
602,BY,BELTA,facebook_url,https://www.facebook.com/beltanews,,apply,handle matches name/domain
602,BY,BELTA,instagram_url,https://www.instagram.com/beltanews.official,,apply,handle matches name/domain
602,BY,BELTA,tiktok_url,https://www.tiktok.com/@beltanews,,apply,handle matches name/domain
602,BY,BELTA,x_url,https://x.com/beltanews,,apply,handle matches name/domain
510,BE,7sur7,facebook_url,https://www.facebook.com/7sur7.be,,apply,handle matches name/domain
510,BE,7sur7,instagram_url,https://www.instagram.com/7sur7.be,,apply,handle matches name/domain
510,BE,7sur7,x_url,https://x.com/7sur7,,apply,handle matches name/domain
509,BE,HLN,facebook_url,https://www.facebook.com/hln.be,,apply,handle matches name/domain
509,BE,HLN,instagram_url,https://www.instagram.com/hln_be,,apply,handle matches name/domain
509,BE,HLN,x_url,https://x.com/hln_be,,apply,handle matches name/domain
508,BE,VRT NWS,facebook_url,https://www.facebook.com/vrtnws,,apply,handle matches name/domain
508,BE,VRT NWS,youtube_url,https://www.youtube.com/channel/UC59gT3bFTFNSqafRcluDIsQ,,review,handle does not match name/domain
508,BE,VRT NWS,instagram_url,https://www.instagram.com/vrtnws,,apply,handle matches name/domain
508,BE,VRT NWS,tiktok_url,https://www.tiktok.com/@vrt.nws,,apply,handle matches name/domain
508,BE,VRT NWS,x_url,https://x.com/vrtnws,,apply,handle matches name/domain
1518,BZ,Breaking Belize News,facebook_url,https://www.facebook.com/profile.php?id=100063768710909,https://www.facebook.com/motorsolutionsllp | https://www.facebook.com/universalhardware.bz,review,handle does not match name/domain
1518,BZ,Breaking Belize News,youtube_url,https://www.youtube.com/@breakingbelizenews5667,,apply,handle matches name/domain
1518,BZ,Breaking Belize News,instagram_url,https://www.instagram.com/breakingbzenews,,apply,handle matches name/domain
1518,BZ,Breaking Belize News,x_url,https://x.com/belizemedia,,apply,handle matches name/domain
1520,BZ,Love FM,facebook_url,https://www.facebook.com/lovefmbelize,,apply,handle matches name/domain
1520,BZ,Love FM,youtube_url,https://www.youtube.com/@LoveFMBZ,,apply,handle matches name/domain
201,BJ,Benin Web TV,facebook_url,https://www.facebook.com/beninwebtv,,apply,handle matches name/domain
201,BJ,Benin Web TV,youtube_url,https://www.youtube.com/@beninweb-tv,,apply,handle matches name/domain
201,BJ,Benin Web TV,instagram_url,https://www.instagram.com/beninwebtv,,apply,handle matches name/domain
201,BJ,Benin Web TV,x_url,https://x.com/beninwebtv,,apply,handle matches name/domain
202,BJ,Bénin Intelligent,facebook_url,https://www.facebook.com/beninintelligent,,apply,handle matches name/domain
202,BJ,Bénin Intelligent,x_url,https://x.com/beninbnin,,apply,handle matches name/domain
1019,BT,BBS,facebook_url,https://www.facebook.com/bhutanbroadcastingservice,,review,handle does not match name/domain
1019,BT,BBS,youtube_url,https://www.youtube.com/@bbsbhutan,,apply,handle matches name/domain
1019,BT,BBS,instagram_url,https://www.instagram.com/bbsbhutan,,apply,handle matches name/domain
1019,BT,BBS,tiktok_url,https://www.tiktok.com/@bbsbhutan,,apply,handle matches name/domain
1019,BT,BBS,x_url,https://x.com/bbsbhutan,,apply,handle matches name/domain
1020,BT,Business Bhutan,facebook_url,https://www.facebook.com/businessbhutan2009,,apply,handle matches name/domain
1020,BT,Business Bhutan,instagram_url,https://www.instagram.com/business_bhutan,,apply,handle matches name/domain
1020,BT,Business Bhutan,x_url,https://x.com/business_bhutan,,apply,handle matches name/domain
1018,BT,The Bhutanese,facebook_url,https://www.facebook.com/thebhutanesenewspaper,,apply,handle matches name/domain
1018,BT,The Bhutanese,x_url,https://x.com/thebhutanese,,apply,handle matches name/domain
1559,BO,Opinión Bolivia,facebook_url,https://www.facebook.com/diarioopinion,,apply,handle matches name/domain
1559,BO,Opinión Bolivia,youtube_url,https://www.youtube.com/channel/UCE1G7_nb9sf9csjz7j3gC5g,,review,handle does not match name/domain
1559,BO,Opinión Bolivia,instagram_url,https://www.instagram.com/opinionbolivia,,apply,handle matches name/domain
1559,BO,Opinión Bolivia,x_url,https://x.com/opinion_bolivia,,apply,handle matches name/domain
619,BA,Dnevni Avaz,facebook_url,https://www.facebook.com/dnevniavaz,,apply,handle matches name/domain
619,BA,Dnevni Avaz,youtube_url,https://www.youtube.com/c/DnevniAvazTV,,apply,handle matches name/domain
619,BA,Dnevni Avaz,instagram_url,https://www.instagram.com/dnevniavaz,,apply,handle matches name/domain
619,BA,Dnevni Avaz,tiktok_url,https://www.tiktok.com/@avaz.tv,,apply,handle matches name/domain
619,BA,Dnevni Avaz,x_url,https://x.com/dnevniavaz,,apply,handle matches name/domain
6761,BA,FENA (Federal News Agency),facebook_url,https://www.facebook.com/agencija.fena,,apply,handle matches name/domain
6761,BA,FENA (Federal News Agency),youtube_url,https://www.youtube.com/@FederalnanovinskaagencijaFENA,,apply,handle matches name/domain
6761,BA,FENA (Federal News Agency),instagram_url,https://www.instagram.com/fena.agencija,,apply,handle matches name/domain
6761,BA,FENA (Federal News Agency),x_url,https://x.com/agencijafena,,apply,handle matches name/domain
617,BA,Klix.ba,facebook_url,https://www.facebook.com/klix.ba,,apply,handle matches name/domain
617,BA,Klix.ba,youtube_url,https://www.youtube.com/@klixportal,,apply,handle matches name/domain
617,BA,Klix.ba,instagram_url,https://www.instagram.com/klixba,,apply,handle matches name/domain
617,BA,Klix.ba,x_url,https://x.com/klixba,,apply,handle matches name/domain
618,BA,N1 BiH,facebook_url,https://www.facebook.com/n1bih,,apply,handle matches name/domain
618,BA,N1 BiH,youtube_url,https://www.youtube.com/@N1BiHTV,,apply,handle matches name/domain
618,BA,N1 BiH,instagram_url,https://www.instagram.com/n1bih,,apply,handle matches name/domain
618,BA,N1 BiH,x_url,https://x.com/n1_bih,,apply,handle matches name/domain
271,BW,Sunday Standard,facebook_url,https://www.facebook.com/sundaystandardbw,https://www.facebook.com/reel,review,handle matches name/domain
271,BW,Sunday Standard,youtube_url,https://www.youtube.com/channel/UCJZ8w7PB3YpxX0E9U3ooePw,https://www.youtube.com/@SundayStandardOnline,review,handle does not match name/domain
271,BW,Sunday Standard,x_url,https://x.com/sunstd_bw,,review,handle does not match name/domain
274,BW,Weekend Post,facebook_url,https://www.facebook.com/theweekendpostbw,,apply,handle matches name/domain
274,BW,Weekend Post,youtube_url,https://www.youtube.com/@weekendpost763,,apply,handle matches name/domain
274,BW,Weekend Post,instagram_url,https://www.instagram.com/weekendpost_insightful,,apply,handle matches name/domain
274,BW,Weekend Post,tiktok_url,https://www.tiktok.com/@weekendpost,,apply,handle matches name/domain
274,BW,Weekend Post,x_url,https://x.com/weekendpostp,,apply,handle matches name/domain
54,BR,CNN Brasil,facebook_url,https://www.facebook.com/cnnbrasil,,apply,handle matches name/domain
54,BR,CNN Brasil,instagram_url,https://www.instagram.com/cnnbrasil,,apply,handle matches name/domain
54,BR,CNN Brasil,tiktok_url,https://www.tiktok.com/@cnnbrasil,,apply,handle matches name/domain
54,BR,CNN Brasil,x_url,https://x.com/cnnbrasil,,apply,handle matches name/domain
55,BR,UOL,facebook_url,https://www.facebook.com/uol,,apply,handle matches name/domain
599,BG,24 Chasa,facebook_url,https://www.facebook.com/24chasa,,apply,handle matches name/domain
598,BG,Mediapool,facebook_url,https://www.facebook.com/mediapool.bg,,apply,handle matches name/domain
598,BG,Mediapool,youtube_url,https://www.youtube.com/@mediapool4092,,apply,handle matches name/domain
598,BG,Mediapool,instagram_url,https://www.instagram.com/mediapool.bg,,apply,handle matches name/domain
598,BG,Mediapool,tiktok_url,https://www.tiktok.com/@mediapool.bg,,apply,handle matches name/domain
598,BG,Mediapool,x_url,https://x.com/mediapoolbg,,apply,handle matches name/domain
6762,BF,AIB (Agence d'Information du Burkina),facebook_url,https://www.facebook.com/aib.infos,,apply,handle matches name/domain
6762,BF,AIB (Agence d'Information du Burkina),youtube_url,https://www.youtube.com/channel/UCb7uGnNY6iez-Rr6DU8c39A,,review,handle does not match name/domain
6762,BF,AIB (Agence d'Information du Burkina),instagram_url,https://www.instagram.com/aiburkina,,apply,handle matches name/domain
6762,BF,AIB (Agence d'Information du Burkina),x_url,https://x.com/aibburkina,,apply,handle matches name/domain
189,BF,Burkina24,facebook_url,https://www.facebook.com/burkina24,,apply,handle matches name/domain
189,BF,Burkina24,youtube_url,https://www.youtube.com/@burkina24tv,https://www.youtube.com/user/B24Ouaga,apply,handle matches name/domain
189,BF,Burkina24,instagram_url,https://www.instagram.com/burkina24,,apply,handle matches name/domain
189,BF,Burkina24,tiktok_url,https://www.tiktok.com/@burkina_24,,review,handle does not match name/domain
189,BF,Burkina24,x_url,https://x.com/burkina24,,apply,handle matches name/domain
188,BF,LeFaso.net,facebook_url,https://www.facebook.com/lefaso.net,,apply,handle matches name/domain
188,BF,LeFaso.net,instagram_url,https://www.instagram.com/lefasonet,,apply,handle matches name/domain
188,BF,LeFaso.net,x_url,https://x.com/lefaso_net,,apply,handle matches name/domain
250,BI,AllAfrica: Burundi,facebook_url,https://www.facebook.com/allafrica,,apply,handle matches name/domain
250,BI,AllAfrica: Burundi,x_url,https://x.com/allafrica,,apply,handle matches name/domain
1000,KH,Cambodia Daily,facebook_url,https://www.facebook.com/withoutfearorfavorkh,,review,handle does not match name/domain
1000,KH,Cambodia Daily,youtube_url,https://www.youtube.com/channel/UCFihVEClgZDTIs7EkjuRwWw,,review,handle does not match name/domain
1000,KH,Cambodia Daily,x_url,https://x.com/cambodiadaily,,apply,handle matches name/domain
214,CM,237actu,facebook_url,https://www.facebook.com/237actu,,apply,handle matches name/domain
214,CM,237actu,youtube_url,https://www.youtube.com/@237actucom3,,apply,handle matches name/domain
214,CM,237actu,instagram_url,https://www.instagram.com/237actu,,apply,handle matches name/domain
214,CM,237actu,x_url,https://x.com/237actu,,apply,handle matches name/domain
212,CM,ActuCameroun,facebook_url,https://www.facebook.com/actucameroun.officiel,,apply,handle matches name/domain
212,CM,ActuCameroun,youtube_url,https://www.youtube.com/@actucameroun,,apply,handle matches name/domain
212,CM,ActuCameroun,x_url,https://x.com/actucameroun,,apply,handle matches name/domain
1510,CA,Global News,instagram_url,https://www.instagram.com/globalnews,,apply,handle matches name/domain
1510,CA,Global News,tiktok_url,https://www.tiktok.com/@globalnews.ca,,apply,handle matches name/domain
7296,CV,A Nação,facebook_url,https://www.facebook.com/anacaocaboverde,,apply,handle matches name/domain
7296,CV,A Nação,youtube_url,https://www.youtube.com/c/ANaçãoCaboVerdeJornalIndependente,,review,handle does not match name/domain
7296,CV,A Nação,instagram_url,https://www.instagram.com/anacaocaboverde,,apply,handle matches name/domain
211,CV,AllAfrica: Cape Verde,facebook_url,https://www.facebook.com/allafrica,,apply,handle matches name/domain
211,CV,AllAfrica: Cape Verde,x_url,https://x.com/allafrica,,apply,handle matches name/domain
220,CF,Radio Ndeke Luka,facebook_url,https://www.facebook.com/radiondekelukafh,,apply,handle matches name/domain
220,CF,Radio Ndeke Luka,youtube_url,https://www.youtube.com/channel/UCLurXoVzND8Fdv97z7f7INA,,review,handle does not match name/domain
220,CF,Radio Ndeke Luka,instagram_url,https://www.instagram.com/radiondekeluka,,apply,handle matches name/domain
220,CF,Radio Ndeke Luka,x_url,https://x.com/radiondekeluka,,apply,handle matches name/domain
215,TD,TchadInfos,facebook_url,https://www.facebook.com/tchadinfos,,apply,handle matches name/domain
215,TD,TchadInfos,youtube_url,https://www.youtube.com/@TchadinfosTV,,apply,handle matches name/domain
215,TD,TchadInfos,instagram_url,https://www.instagram.com/tchadinfos,,apply,handle matches name/domain
215,TD,TchadInfos,tiktok_url,https://www.tiktok.com/@tchadinfos.com,,apply,handle matches name/domain
215,TD,TchadInfos,x_url,https://x.com/tchadinfos,,apply,handle matches name/domain
1550,CL,CIPER Chile,facebook_url,https://www.facebook.com/ciperchile,,apply,handle matches name/domain
1550,CL,CIPER Chile,youtube_url,https://www.youtube.com/channel/UCDL4fR819Nz7bSXLzkjxS6Q,,review,handle does not match name/domain
1550,CL,CIPER Chile,instagram_url,https://www.instagram.com/ciper_chile,,apply,handle matches name/domain
1550,CL,CIPER Chile,x_url,https://x.com/ciper,,apply,handle matches name/domain
6758,CL,La Tercera,facebook_url,https://www.facebook.com/laterceracom,,apply,handle matches name/domain
6758,CL,La Tercera,youtube_url,https://www.youtube.com/user/latercera,,apply,handle matches name/domain
6758,CL,La Tercera,instagram_url,https://www.instagram.com/laterceracom,,apply,handle matches name/domain
6758,CL,La Tercera,tiktok_url,https://www.tiktok.com/@latercera,,apply,handle matches name/domain
6758,CL,La Tercera,x_url,https://x.com/latercera,,apply,handle matches name/domain
965,CN,CGTN,facebook_url,https://www.facebook.com/chinaglobaltvnetwork,,review,handle does not match name/domain
965,CN,CGTN,instagram_url,https://www.instagram.com/cgtn,,apply,handle matches name/domain
965,CN,CGTN,x_url,https://x.com/cgtnofficial,,apply,handle matches name/domain
962,CN,China Daily,facebook_url,https://www.facebook.com/chinadaily,,apply,handle matches name/domain
962,CN,China Daily,x_url,https://x.com/chinadailyusa,,apply,handle matches name/domain
1549,CO,El Tiempo,facebook_url,https://www.facebook.com/eltiempo,,apply,handle matches name/domain
1549,CO,El Tiempo,youtube_url,https://www.youtube.com/user/ElTiempoPLAY,,apply,handle matches name/domain
1549,CO,El Tiempo,instagram_url,https://www.instagram.com/eltiempo,,apply,handle matches name/domain
1549,CO,El Tiempo,tiktok_url,https://www.tiktok.com/@eltiempo,,apply,handle matches name/domain
1549,CO,El Tiempo,x_url,https://x.com/eltiempo,,apply,handle matches name/domain
226,CG,CongoIndépendant,facebook_url,https://www.facebook.com/congoindependant.mag,,apply,handle matches name/domain
226,CG,CongoIndépendant,youtube_url,https://www.youtube.com/channel/UC2GgLvdjuwaXasqHhJSg2hA,,review,handle does not match name/domain
226,CG,CongoIndépendant,x_url,https://x.com/wetshia,,review,handle does not match name/domain
228,CG,CongoPage,facebook_url,https://www.facebook.com/congopage,,apply,handle matches name/domain
228,CG,CongoPage,x_url,https://x.com/congopage,,apply,handle matches name/domain
1528,CR,Delfino.cr,facebook_url,https://www.facebook.com/delfinocrc,,apply,handle matches name/domain
1528,CR,Delfino.cr,instagram_url,https://www.instagram.com/delfinocrc,,apply,handle matches name/domain
1528,CR,Delfino.cr,x_url,https://x.com/delfinocrc,,apply,handle matches name/domain
1529,CR,El Mundo CR,facebook_url,https://www.facebook.com/elmundocr,,apply,handle matches name/domain
1529,CR,El Mundo CR,youtube_url,https://www.youtube.com/@elmundo-cr,,apply,handle matches name/domain
1529,CR,El Mundo CR,instagram_url,https://www.instagram.com/elmundocr,,apply,handle matches name/domain
1529,CR,El Mundo CR,x_url,https://x.com/elmundocr,,apply,handle matches name/domain
1530,CR,Semanario Universidad,facebook_url,https://www.facebook.com/semanariou,,apply,handle matches name/domain
1530,CR,Semanario Universidad,youtube_url,https://www.youtube.com/user/semanariou,,apply,handle matches name/domain
1530,CR,Semanario Universidad,instagram_url,https://www.instagram.com/semanariou,,apply,handle matches name/domain
1530,CR,Semanario Universidad,x_url,https://x.com/semanariou,,apply,handle matches name/domain
608,HR,24sata,facebook_url,https://www.facebook.com/24sata,,apply,handle matches name/domain
607,HR,Večernji List,facebook_url,https://www.facebook.com/vecernji,,apply,handle matches name/domain
607,HR,Večernji List,youtube_url,https://www.youtube.com/@vecernji,,apply,handle matches name/domain
607,HR,Večernji List,instagram_url,https://www.instagram.com/vecernji.list,,apply,handle matches name/domain
607,HR,Večernji List,tiktok_url,https://www.tiktok.com/@vecernjilist,,apply,handle matches name/domain
607,HR,Večernji List,x_url,https://x.com/vecernji_list,,apply,handle matches name/domain
609,HR,net.hr,facebook_url,https://www.facebook.com/net.hr,,apply,handle matches name/domain
609,HR,net.hr,instagram_url,https://www.instagram.com/net.hr_,,apply,handle matches name/domain
609,HR,net.hr,tiktok_url,https://www.tiktok.com/@net.hr_,,apply,handle matches name/domain
609,HR,net.hr,x_url,https://x.com/nethr,,apply,handle matches name/domain
1533,CU,14ymedio,facebook_url,https://www.facebook.com/14ymedio,,apply,handle matches name/domain
1533,CU,14ymedio,youtube_url,https://www.youtube.com/@14ymedioCuba,,apply,handle matches name/domain
1533,CU,14ymedio,instagram_url,https://www.instagram.com/14ymedio,,apply,handle matches name/domain
1533,CU,14ymedio,tiktok_url,https://www.tiktok.com/@14ymedio,,apply,handle matches name/domain
1534,CU,Diario de Cuba,facebook_url,https://www.facebook.com/diariodecuba,,apply,handle matches name/domain
1534,CU,Diario de Cuba,youtube_url,https://www.youtube.com/c/DDCTV-DIARIODECUBA,,apply,handle matches name/domain
1534,CU,Diario de Cuba,instagram_url,https://www.instagram.com/diariodecuba,,apply,handle matches name/domain
1534,CU,Diario de Cuba,x_url,https://x.com/diariodecuba,,apply,handle matches name/domain
1532,CU,OnCuba News,facebook_url,https://www.facebook.com/oncuba,,apply,handle matches name/domain
1532,CU,OnCuba News,instagram_url,https://www.instagram.com/oncubanews,,apply,handle matches name/domain
1532,CU,OnCuba News,x_url,https://x.com/oncuba,,apply,handle matches name/domain
551,CY,Cyprus Mail,facebook_url,https://www.facebook.com/cyprusmail,,apply,handle matches name/domain
551,CY,Cyprus Mail,youtube_url,https://www.youtube.com/user/cyprusmail1,,apply,handle matches name/domain
551,CY,Cyprus Mail,instagram_url,https://www.instagram.com/cyprusmail_official,,apply,handle matches name/domain
551,CY,Cyprus Mail,x_url,https://x.com/cyprusmail,,apply,handle matches name/domain
550,CY,In-Cyprus,facebook_url,https://www.facebook.com/enphilenews,,review,handle does not match name/domain
550,CY,In-Cyprus,instagram_url,https://www.instagram.com/en.philenews,,review,handle does not match name/domain
550,CY,In-Cyprus,tiktok_url,https://www.tiktok.com/@en.philenews,,review,handle does not match name/domain
550,CY,In-Cyprus,x_url,https://x.com/enphilenews,,review,handle does not match name/domain
552,CY,Sigmalive,facebook_url,https://www.facebook.com/sigmalivecy,,apply,handle matches name/domain
552,CY,Sigmalive,youtube_url,https://www.youtube.com/user/sigmalivevideo,,apply,handle matches name/domain
552,CY,Sigmalive,instagram_url,https://www.instagram.com/sigmalivecom,,apply,handle matches name/domain
552,CY,Sigmalive,tiktok_url,https://www.tiktok.com/@sigmalivecom,,apply,handle matches name/domain
552,CY,Sigmalive,x_url,https://x.com/sigmalivecom,,apply,handle matches name/domain
585,CZ,ČT24,facebook_url,https://www.facebook.com/ct24.cz,https://www.facebook.com/ceskatelevize,review,handle matches name/domain
585,CZ,ČT24,youtube_url,https://www.youtube.com/@CT24zive,,apply,handle matches name/domain
585,CZ,ČT24,instagram_url,https://www.instagram.com/ct24zive,https://www.instagram.com/ceskatelevize,review,handle matches name/domain
585,CZ,ČT24,x_url,https://x.com/ct24zive,https://x.com/czechtv,review,handle matches name/domain
6767,CI,AIP (Agence Ivoirienne de Presse),facebook_url,https://www.facebook.com/agencepresseaip,,apply,handle matches name/domain
6767,CI,AIP (Agence Ivoirienne de Presse),youtube_url,https://www.youtube.com/@aipagenceivoiriennedepress5451,,apply,handle matches name/domain
6767,CI,AIP (Agence Ivoirienne de Presse),instagram_url,https://www.instagram.com/agence_ivoirienne_presse,,apply,handle matches name/domain
6767,CI,AIP (Agence Ivoirienne de Presse),x_url,https://x.com/aip_agencepress,,apply,handle matches name/domain
18,CI,Abidjan.net,facebook_url,https://www.facebook.com/abidjan.net,,apply,handle matches name/domain
18,CI,Abidjan.net,youtube_url,https://www.youtube.com/user/abidjannetTV,,apply,handle matches name/domain
18,CI,Abidjan.net,x_url,https://x.com/abidjan_net,,apply,handle matches name/domain
5175,CI,Agence Ecofin,facebook_url,https://www.facebook.com/agenceecofin,https://www.facebook.com/nigeriaminingweek,review,handle matches name/domain
5175,CI,Agence Ecofin,youtube_url,https://www.youtube.com/channel/UCagDqcSk9AONbgEgSOsZ55A,,review,handle does not match name/domain
5175,CI,Agence Ecofin,instagram_url,https://www.instagram.com/agenceecofin,,apply,handle matches name/domain
5175,CI,Agence Ecofin,tiktok_url,https://www.tiktok.com/@agenceecofin,,apply,handle matches name/domain
5175,CI,Agence Ecofin,x_url,https://x.com/agenceecofin,,apply,handle matches name/domain
4140,CI,BBC Afrique,facebook_url,https://www.facebook.com/bbcnewsafrique,,apply,handle matches name/domain
4140,CI,BBC Afrique,youtube_url,https://www.youtube.com/channel/UCBte7YLdJx-O_YljuvN6whg,,review,handle does not match name/domain
4140,CI,BBC Afrique,instagram_url,https://www.instagram.com/bbcafrique,,apply,handle matches name/domain
4140,CI,BBC Afrique,x_url,https://x.com/bbcafrique,,apply,handle matches name/domain
19,CI,Connection Ivoirienne,facebook_url,https://www.facebook.com/profile.php?id=100041393091437,,review,handle does not match name/domain
19,CI,Connection Ivoirienne,x_url,https://x.com/connectionivoir,,apply,handle matches name/domain
7293,CI,Fraternité Matin,facebook_url,https://www.facebook.com/fratmat,,apply,handle matches name/domain
7293,CI,Fraternité Matin,youtube_url,https://www.youtube.com/channel/UCeGEqiraMwWQsZlIVsE4mhg,,review,handle does not match name/domain
7293,CI,Fraternité Matin,x_url,https://x.com/fratmat,,apply,handle matches name/domain
20,CI,Le Banco,facebook_url,https://www.facebook.com/lebanco,,apply,handle matches name/domain
20,CI,Le Banco,youtube_url,https://www.youtube.com/channel/UC7YvF5Gq-51wnPtimrRhDUw,,review,handle does not match name/domain
20,CI,Le Banco,x_url,https://x.com/lebanconet,,apply,handle matches name/domain
7291,CI,Le Patriote,facebook_url,https://www.facebook.com/p,,review,handle does not match name/domain
7291,CI,Le Patriote,x_url,https://x.com/lepatrioteci,,apply,handle matches name/domain
7290,CI,RTI,facebook_url,https://www.facebook.com/rtiofficiel,,apply,handle matches name/domain
7290,CI,RTI,youtube_url,https://www.youtube.com/user/RTIOFFICIEL,,apply,handle matches name/domain
7290,CI,RTI,x_url,https://x.com/rtiofficiel,,apply,handle matches name/domain
5698,CI,Sikafinance,facebook_url,https://www.facebook.com/gnaassurofficiel,https://www.facebook.com/sika-finance-376949146404667,review,handle does not match name/domain
5698,CI,Sikafinance,youtube_url,https://www.youtube.com/channel/UCucU14IcGMN4Rajv2QkD_nQ,,review,handle does not match name/domain
5698,CI,Sikafinance,x_url,https://x.com/finance_sika,,review,handle does not match name/domain
231,CD,Actualite.cd,facebook_url,https://www.facebook.com/actualitecd,,apply,handle matches name/domain
231,CD,Actualite.cd,x_url,https://x.com/actualitecd,,apply,handle matches name/domain
5300,CD,Habari RDC,facebook_url,https://www.facebook.com/habari-rdc-983323311750239,,apply,handle matches name/domain
5300,CD,Habari RDC,youtube_url,https://www.youtube.com/channel/UCUBvyC1Agwfo_WGDti7PCjg,,review,handle does not match name/domain
5300,CD,Habari RDC,instagram_url,https://www.instagram.com/habarirdc,,apply,handle matches name/domain
5300,CD,Habari RDC,x_url,https://x.com/habarirdc,,apply,handle matches name/domain
5299,CD,Journal de Kinshasa,facebook_url,https://www.facebook.com/journaldekinshasa,,apply,handle matches name/domain
5299,CD,Journal de Kinshasa,x_url,https://x.com/jd_kinshasa,,apply,handle matches name/domain
230,CD,Radio Okapi,facebook_url,https://www.facebook.com/radiookapi,,apply,handle matches name/domain
230,CD,Radio Okapi,x_url,https://x.com/radiookapi,,apply,handle matches name/domain
261,DJ,AllAfrica: Djibouti,facebook_url,https://www.facebook.com/allafrica,,apply,handle matches name/domain
261,DJ,AllAfrica: Djibouti,x_url,https://x.com/allafrica,,apply,handle matches name/domain
1535,DO,Diario Libre,facebook_url,https://www.facebook.com/diariolibre,,apply,handle matches name/domain
1535,DO,Diario Libre,instagram_url,https://www.instagram.com/diariolibre,,apply,handle matches name/domain
1535,DO,Diario Libre,x_url,https://x.com/diariolibre,,apply,handle matches name/domain
1536,DO,N Digital,facebook_url,https://www.facebook.com/nuriapiera,,review,handle does not match name/domain
1536,DO,N Digital,youtube_url,https://www.youtube.com/@nuriapiera,,review,handle does not match name/domain
1536,DO,N Digital,instagram_url,https://www.instagram.com/ndigitalmultimedia,https://www.instagram.com/nuriapiera,review,handle matches name/domain
1536,DO,N Digital,x_url,https://x.com/nuriapiera,,review,handle does not match name/domain
179,EG,Egypt Independent,facebook_url,https://www.facebook.com/egyptindependent,,apply,handle matches name/domain
179,EG,Egypt Independent,x_url,https://x.com/egyindependent,,apply,handle matches name/domain
1523,SV,ElSalvador.com,facebook_url,https://www.facebook.com/elsalvadorcom,,apply,handle matches name/domain
1523,SV,ElSalvador.com,youtube_url,https://www.youtube.com/@elsalvadorcomyoutube,,apply,handle matches name/domain
1523,SV,ElSalvador.com,instagram_url,https://www.instagram.com/elsalvadorcom,,apply,handle matches name/domain
1523,SV,ElSalvador.com,tiktok_url,https://www.tiktok.com/@elsalvadorcom,,apply,handle matches name/domain
1523,SV,ElSalvador.com,x_url,https://x.com/elsalvadorcom,,apply,handle matches name/domain
255,ER,Awate,facebook_url,https://www.facebook.com/pages,,review,handle does not match name/domain
255,ER,Awate,youtube_url,https://www.youtube.com/@negarit,,review,handle does not match name/domain
255,ER,Awate,x_url,https://x.com/awate2,,apply,handle matches name/domain
253,ER,Shabait,facebook_url,https://www.facebook.com/moieritrea,,review,handle does not match name/domain
253,ER,Shabait,instagram_url,https://www.instagram.com/dendenmedia,,review,handle does not match name/domain
573,EE,Baltic Times,facebook_url,https://www.facebook.com/thebaltictimes,,apply,handle matches name/domain
573,EE,Baltic Times,youtube_url,https://www.youtube.com/channel/UC-tYVCHwIEJMuw1kiOzhOEQ,,review,handle does not match name/domain
573,EE,Baltic Times,x_url,https://x.com/thebaltictimes,,apply,handle matches name/domain
571,EE,Postimees,facebook_url,https://www.facebook.com/postimees,,apply,handle matches name/domain
571,EE,Postimees,instagram_url,https://www.instagram.com/postimees.ee,,apply,handle matches name/domain
571,EE,Postimees,x_url,https://x.com/postimees,,apply,handle matches name/domain
572,EE,Õhtuleht,facebook_url,https://www.facebook.com/ohtuleht,,apply,handle matches name/domain
572,EE,Õhtuleht,youtube_url,https://www.youtube.com/user/ohtulehtonline,,apply,handle matches name/domain
572,EE,Õhtuleht,instagram_url,https://www.instagram.com/ohtuleht,,apply,handle matches name/domain
572,EE,Õhtuleht,tiktok_url,https://www.tiktok.com/@ohtuleht.ee,,apply,handle matches name/domain
295,SZ,Times of Eswatini,facebook_url,https://www.facebook.com/timesofeswatini,,apply,handle matches name/domain
295,SZ,Times of Eswatini,youtube_url,https://www.youtube.com/@eswatinitimes,,apply,handle matches name/domain
295,SZ,Times of Eswatini,instagram_url,https://www.instagram.com/eswatinitimes,,apply,handle matches name/domain
295,SZ,Times of Eswatini,tiktok_url,https://www.tiktok.com/@timesofeswatini,,apply,handle matches name/domain
295,SZ,Times of Eswatini,x_url,https://x.com/timesofeswatine,,apply,handle matches name/domain
252,ET,Addis Fortune,facebook_url,https://www.facebook.com/fortuneaddis,,apply,handle matches name/domain
252,ET,Addis Fortune,instagram_url,https://www.instagram.com/addis_fortune,,apply,handle matches name/domain
252,ET,Addis Fortune,x_url,https://x.com/addis_fortune,,apply,handle matches name/domain
251,ET,Fana BC,facebook_url,https://www.facebook.com/fanabroadcasting,,apply,handle matches name/domain
251,ET,Fana BC,x_url,https://x.com/fanatelevision,,apply,handle matches name/domain
563,FI,Helsingin Sanomat,facebook_url,https://www.facebook.com/helsinginsanomat,,apply,handle matches name/domain
563,FI,Helsingin Sanomat,instagram_url,https://www.instagram.com/helsinginsanomat,,apply,handle matches name/domain
565,FI,Iltalehti,facebook_url,https://www.facebook.com/iltalehti.fi,,apply,handle matches name/domain
565,FI,Iltalehti,instagram_url,https://www.instagram.com/iltalehti,,apply,handle matches name/domain
565,FI,Iltalehti,x_url,https://x.com/iltalehti_fi,,apply,handle matches name/domain
5207,FR,Jeune Afrique,facebook_url,https://www.facebook.com/jeuneafrique1,,apply,handle matches name/domain
5207,FR,Jeune Afrique,youtube_url,https://www.youtube.com/channel/UCWkbzzrku8lwKK6DoBl4yTg,,review,handle does not match name/domain
5207,FR,Jeune Afrique,x_url,https://x.com/jeune_afrique,,apply,handle matches name/domain
46,FR,Le Figaro,instagram_url,https://www.instagram.com/lefigaro,,apply,handle matches name/domain
46,FR,Le Figaro,tiktok_url,https://www.tiktok.com/@lefigaro,,apply,handle matches name/domain
46,FR,Le Figaro,x_url,https://x.com/le_figaro,,apply,handle matches name/domain
224,GA,Gabonactu,facebook_url,https://www.facebook.com/afrijet,https://www.facebook.com/showroomfoberdgabon | https://www.facebook.com/patrick.moukagni.1,review,handle does not match name/domain
208,GM,Foroyaa,facebook_url,https://www.facebook.com/foroyaanewspaper,,apply,handle matches name/domain
208,GM,Foroyaa,x_url,https://x.com/foroyaa,https://x.com/foroyaaa,review,handle matches name/domain
209,GM,The Standard,facebook_url,https://www.facebook.com/standardgambia,,apply,handle matches name/domain
209,GM,The Standard,youtube_url,https://www.youtube.com/channel/UCk6BJGqGXwzA25m49WvqADg,,review,handle does not match name/domain
209,GM,The Standard,x_url,https://x.com/the_standard_,https://x.com/standardgambia,review,handle matches name/domain
1066,GE,OC Media,facebook_url,https://www.facebook.com/hey.on.ge,https://www.facebook.com/news.on.ge | https://www.facebook.com/next.on.ge,review,handle does not match name/domain
1066,GE,OC Media,instagram_url,https://www.instagram.com/news.on.ge,https://www.instagram.com/on.ge | https://www.instagram.com/next.on.ge,review,handle does not match name/domain
1066,GE,OC Media,tiktok_url,https://www.tiktok.com/@news.on.ge,https://www.tiktok.com/@on.ge | https://www.tiktok.com/@next.on.ge,review,handle does not match name/domain
502,DE,Der Spiegel,facebook_url,https://www.facebook.com/derspiegel,,apply,handle matches name/domain
502,DE,Der Spiegel,instagram_url,https://www.instagram.com/spiegelmagazin,,apply,handle matches name/domain
503,DE,Die Welt,facebook_url,https://www.facebook.com/welt,,apply,handle matches name/domain
503,DE,Die Welt,youtube_url,https://www.youtube.com/@WELTVideoTV,,apply,handle matches name/domain
503,DE,Die Welt,instagram_url,https://www.instagram.com/welt,,apply,handle matches name/domain
503,DE,Die Welt,x_url,https://x.com/welt,,apply,handle matches name/domain
182,GH,3News,facebook_url,https://www.facebook.com/3newsgh,,apply,handle matches name/domain
182,GH,3News,instagram_url,https://www.instagram.com/3news.gh,,apply,handle matches name/domain
182,GH,3News,tiktok_url,https://www.tiktok.com/@3newsgh_official,,apply,handle matches name/domain
182,GH,3News,x_url,https://x.com/3newsgh,,apply,handle matches name/domain
6764,GH,Citi Newsroom,facebook_url,https://www.facebook.com/cititvgh,,apply,handle matches name/domain
6764,GH,Citi Newsroom,youtube_url,https://www.youtube.com/user/citifmvideos,,apply,handle matches name/domain
6764,GH,Citi Newsroom,instagram_url,https://www.instagram.com/cititvgh,,apply,handle matches name/domain
6764,GH,Citi Newsroom,x_url,https://x.com/citi973,,apply,handle matches name/domain
181,GH,GBC Ghana Online,facebook_url,https://www.facebook.com/gbcghana,https://www.facebook.com/thejospongroup,review,handle matches name/domain
181,GH,GBC Ghana Online,youtube_url,https://www.youtube.com/@gbcghanatube,,apply,handle matches name/domain
181,GH,GBC Ghana Online,instagram_url,https://www.instagram.com/gbconline,,apply,handle matches name/domain
181,GH,GBC Ghana Online,x_url,https://x.com/thegbcghana,https://x.com/thejospongroup,review,handle matches name/domain
180,GH,MyJoyOnline,facebook_url,https://www.facebook.com/joynewsontv,,review,handle does not match name/domain
180,GH,MyJoyOnline,youtube_url,https://www.youtube.com/user/myjoyonlinetube,,apply,handle matches name/domain
180,GH,MyJoyOnline,instagram_url,https://www.instagram.com/joynewsontv,,review,handle does not match name/domain
180,GH,MyJoyOnline,x_url,https://x.com/joy997fm,,review,handle does not match name/domain
183,GH,Starr FM,facebook_url,https://www.facebook.com/starr1035fm,https://www.facebook.com/starr,review,handle matches name/domain
183,GH,Starr FM,youtube_url,https://www.youtube.com/@starrfm1035,,apply,handle matches name/domain
183,GH,Starr FM,instagram_url,https://www.instagram.com/starr1035fm,https://www.instagram.com/envato,review,handle matches name/domain
183,GH,Starr FM,x_url,https://x.com/starr1035fm,,apply,handle matches name/domain
545,GR,Naftemporiki,facebook_url,https://www.facebook.com/naftemporikigr,,apply,handle matches name/domain
545,GR,Naftemporiki,youtube_url,https://www.youtube.com/user/naftemporikigr,,apply,handle matches name/domain
545,GR,Naftemporiki,instagram_url,https://www.instagram.com/naftemporiki,,apply,handle matches name/domain
545,GR,Naftemporiki,x_url,https://x.com/naftemporikigr,,apply,handle matches name/domain
544,GR,Protothema,facebook_url,https://www.facebook.com/protothemagr,,apply,handle matches name/domain
544,GR,Protothema,instagram_url,https://www.instagram.com/protothema.gr,,apply,handle matches name/domain
544,GR,Protothema,x_url,https://x.com/protothema,,apply,handle matches name/domain
543,GR,To Vima,facebook_url,https://www.facebook.com/tovimagr,,apply,handle matches name/domain
543,GR,To Vima,youtube_url,https://www.youtube.com/@tovimagrofficial,,apply,handle matches name/domain
543,GR,To Vima,instagram_url,https://www.instagram.com/tovimagr,,apply,handle matches name/domain
543,GR,To Vima,tiktok_url,https://www.tiktok.com/@tovimagr,,apply,handle matches name/domain
543,GR,To Vima,x_url,https://x.com/tovimagr,,apply,handle matches name/domain
546,GR,in.gr,facebook_url,https://www.facebook.com/www.in.gr,,review,handle does not match name/domain
546,GR,in.gr,instagram_url,https://www.instagram.com/in.gr_official,,review,handle does not match name/domain
546,GR,in.gr,tiktok_url,https://www.tiktok.com/@ingr_news,,review,handle does not match name/domain
546,GR,in.gr,x_url,https://x.com/in_gr,,review,handle does not match name/domain
1515,GT,Prensa Libre,facebook_url,https://www.facebook.com/prensalibregt,,apply,handle matches name/domain
1515,GT,Prensa Libre,instagram_url,https://www.instagram.com/prensa_libre,,apply,handle matches name/domain
1515,GT,Prensa Libre,tiktok_url,https://www.tiktok.com/@prensalibregt,,apply,handle matches name/domain
1515,GT,Prensa Libre,x_url,https://x.com/prensa_libre,,apply,handle matches name/domain
1516,GT,República GT,facebook_url,https://www.facebook.com/republicaguate,,apply,handle matches name/domain
1516,GT,República GT,youtube_url,https://www.youtube.com/c/Republicaguatemala,,apply,handle matches name/domain
1516,GT,República GT,instagram_url,https://www.instagram.com/republicaguate,,apply,handle matches name/domain
1516,GT,República GT,x_url,https://x.com/republicagt,,apply,handle matches name/domain
192,GN,GuinéeNews,facebook_url,https://www.facebook.com/guineenewsboubahcom,,apply,handle matches name/domain
192,GN,GuinéeNews,youtube_url,https://www.youtube.com/channel/UCIWiiJeEw6b_Xg23tmqh-EQ,,review,handle does not match name/domain
192,GN,GuinéeNews,instagram_url,https://www.instagram.com/boubahcom,,review,handle does not match name/domain
191,GN,Guinéematin,youtube_url,https://www.youtube.com/channel/UCvcTPz3n9lT3LsP5wrrny6w,,review,handle does not match name/domain
191,GN,Guinéematin,tiktok_url,https://www.tiktok.com/@guineematin.com,,apply,handle matches name/domain
191,GN,Guinéematin,x_url,https://x.com/guineematin,,apply,handle matches name/domain
193,GN,MediaGuinée,facebook_url,https://www.facebook.com/mediaguinee,https://www.facebook.com/soutramoney.guinee | https://www.facebook.com/sng224,review,handle matches name/domain
193,GN,MediaGuinée,youtube_url,https://www.youtube.com/channel/UCQrFFbwGEc3DS4eDaTuMw3A,https://www.youtube.com/@mediaguineetv9480,review,handle does not match name/domain
193,GN,MediaGuinée,x_url,https://x.com/mediaguinee,,apply,handle matches name/domain
4223,GW,AllAfrica: Guinea-Bissau,facebook_url,https://www.facebook.com/allafrica,,apply,handle matches name/domain
4223,GW,AllAfrica: Guinea-Bissau,x_url,https://x.com/allafrica,,apply,handle matches name/domain
1564,GY,Demerara Waves,facebook_url,https://www.facebook.com/banksdihltd,,review,handle does not match name/domain
1537,HT,Le Nouvelliste,facebook_url,https://www.facebook.com/artisanat.en.fete,https://www.facebook.com/monnouvelliste,review,handle does not match name/domain
1537,HT,Le Nouvelliste,youtube_url,https://www.youtube.com/user/lenouvelliste,,apply,handle matches name/domain
1537,HT,Le Nouvelliste,instagram_url,https://www.instagram.com/lenouvelliste,,apply,handle matches name/domain
1537,HT,Le Nouvelliste,x_url,https://x.com/nouvelliste,,apply,handle matches name/domain
1522,HN,Criterio.hn,facebook_url,https://www.facebook.com/criterio.hn,,apply,handle matches name/domain
1522,HN,Criterio.hn,youtube_url,https://www.youtube.com/@criteriohn,https://www.youtube.com/@criterio.hn,apply,handle matches name/domain
1522,HN,Criterio.hn,instagram_url,https://www.instagram.com/criterio.hn,,apply,handle matches name/domain
1522,HN,Criterio.hn,x_url,https://x.com/criteriohn,https://x.com/criteraborge,review,handle matches name/domain
591,HU,24.hu,facebook_url,https://www.facebook.com/24ponthu,,review,handle does not match name/domain
591,HU,24.hu,instagram_url,https://www.instagram.com/24ponthu,,review,handle does not match name/domain
590,HU,Index.hu,x_url,https://x.com/indexhu,,apply,handle matches name/domain
593,HU,Portfolio,facebook_url,https://www.facebook.com/portfolio.hu,,apply,handle matches name/domain
593,HU,Portfolio,youtube_url,https://www.youtube.com/user/portfoliohuvideo,,apply,handle matches name/domain
593,HU,Portfolio,instagram_url,https://www.instagram.com/portfoliohu,,apply,handle matches name/domain
593,HU,Portfolio,x_url,https://x.com/portfolio_hu,,apply,handle matches name/domain
592,HU,Telex,facebook_url,https://www.facebook.com/telexhu,,apply,handle matches name/domain
592,HU,Telex,youtube_url,https://www.youtube.com/c/telexponthu,,apply,handle matches name/domain
592,HU,Telex,instagram_url,https://www.instagram.com/telexponthu,,apply,handle matches name/domain
592,HU,Telex,x_url,https://x.com/telexhu,,apply,handle matches name/domain
569,IS,DV,facebook_url,https://www.facebook.com/www.dv.is,,review,handle does not match name/domain
569,IS,DV,instagram_url,https://www.instagram.com/dvfrettir,,review,handle does not match name/domain
569,IS,DV,x_url,https://x.com/dv_is,,review,handle does not match name/domain
567,IS,Morgunblaðið,facebook_url,https://www.facebook.com/mbl.is,,apply,handle matches name/domain
567,IS,Morgunblaðið,x_url,https://x.com/mblfrettir,,apply,handle matches name/domain
566,IS,RÚV,facebook_url,https://www.facebook.com/ruvohf,,apply,handle matches name/domain
566,IS,RÚV,instagram_url,https://www.instagram.com/ruvgram,,apply,handle matches name/domain
566,IS,RÚV,tiktok_url,https://www.tiktok.com/@ruvohf,,apply,handle matches name/domain
568,IS,Vísir,facebook_url,https://www.facebook.com/visir.is,,apply,handle matches name/domain
568,IS,Vísir,instagram_url,https://www.instagram.com/visir.is,,apply,handle matches name/domain
568,IS,Vísir,x_url,https://x.com/visir_is,,apply,handle matches name/domain
57,IN,Hindustan Times,facebook_url,https://www.facebook.com/hindustantimes,,apply,handle matches name/domain
57,IN,Hindustan Times,instagram_url,https://www.instagram.com/hindustantimes,,apply,handle matches name/domain
57,IN,Hindustan Times,x_url,https://x.com/httweets,,review,handle does not match name/domain
59,IN,The Hindu,facebook_url,https://www.facebook.com/thehindu,,apply,handle matches name/domain
59,IN,The Hindu,youtube_url,https://www.youtube.com/user/The1878Hindu,,apply,handle matches name/domain
59,IN,The Hindu,instagram_url,https://www.instagram.com/the_hindu,,apply,handle matches name/domain
59,IN,The Hindu,x_url,https://x.com/the_hindu,,apply,handle matches name/domain
56,IN,Times of India,facebook_url,https://www.facebook.com/timesofindia,,apply,handle matches name/domain
56,IN,Times of India,instagram_url,https://www.instagram.com/timesofindia,,apply,handle matches name/domain
56,IN,Times of India,x_url,https://x.com/timesofindia,,apply,handle matches name/domain
981,ID,Antara News,facebook_url,https://www.facebook.com/antaranewsdotcom,,apply,handle matches name/domain
981,ID,Antara News,youtube_url,https://www.youtube.com/@AntaraTV,,apply,handle matches name/domain
981,ID,Antara News,instagram_url,https://www.instagram.com/antaranewscom,,apply,handle matches name/domain
981,ID,Antara News,tiktok_url,https://www.tiktok.com/@antaranews,,apply,handle matches name/domain
981,ID,Antara News,x_url,https://x.com/antaranews,,apply,handle matches name/domain
982,ID,CNN Indonesia,facebook_url,https://www.facebook.com/cnnindonesia,,apply,handle matches name/domain
982,ID,CNN Indonesia,instagram_url,https://www.instagram.com/cnnindonesia,,apply,handle matches name/domain
982,ID,CNN Indonesia,tiktok_url,https://www.tiktok.com/@cnnindonesia,,apply,handle matches name/domain
982,ID,CNN Indonesia,x_url,https://x.com/cnnindonesia,,apply,handle matches name/domain
983,ID,Republika,facebook_url,https://www.facebook.com/republikacoid,,apply,handle matches name/domain
983,ID,Republika,youtube_url,https://www.youtube.com/channel/UCWBqcKLh_Ta6ua00OX57ejA,,review,handle does not match name/domain
983,ID,Republika,instagram_url,https://www.instagram.com/republikaonline,,apply,handle matches name/domain
983,ID,Republika,tiktok_url,https://www.tiktok.com/@republikaonline,,apply,handle matches name/domain
983,ID,Republika,x_url,https://x.com/republikaonline,,apply,handle matches name/domain
1045,IR,Mehr News,facebook_url,https://www.facebook.com/mehrnews.english,,apply,handle matches name/domain
1045,IR,Mehr News,instagram_url,https://www.instagram.com/en.mehrnews,,apply,handle matches name/domain
1045,IR,Mehr News,x_url,https://x.com/mehrnewscom,,apply,handle matches name/domain
1044,IR,Tehran Times,facebook_url,https://www.facebook.com/tehrantimes79,,apply,handle matches name/domain
1044,IR,Tehran Times,instagram_url,https://www.instagram.com/tehrantimes79,,apply,handle matches name/domain
1044,IR,Tehran Times,x_url,https://x.com/tehrantimes79,,apply,handle matches name/domain
1049,IQ,Al-Mada Paper,facebook_url,https://www.facebook.com/almada.foundation,,apply,handle matches name/domain
1049,IQ,Al-Mada Paper,youtube_url,https://www.youtube.com/channel/UC8lmDlVHRxetgOj_EEW6yCA,,review,handle does not match name/domain
1049,IQ,Al-Mada Paper,instagram_url,https://www.instagram.com/almada_foundation,,apply,handle matches name/domain
1049,IQ,Al-Mada Paper,x_url,https://x.com/almadafdn,,apply,handle matches name/domain
1048,IQ,Iraqi News,facebook_url,https://www.facebook.com/iraqnews,,review,handle does not match name/domain
1048,IQ,Iraqi News,instagram_url,https://www.instagram.com/iraqinews_com,,apply,handle matches name/domain
1048,IQ,Iraqi News,x_url,https://x.com/iraqinews_com,,apply,handle matches name/domain
512,IE,RTÉ News,facebook_url,https://www.facebook.com/explorerte,,apply,handle matches name/domain
512,IE,RTÉ News,youtube_url,https://www.youtube.com/user/rte,,apply,handle matches name/domain
512,IE,RTÉ News,instagram_url,https://www.instagram.com/explorerte,,apply,handle matches name/domain
512,IE,RTÉ News,x_url,https://x.com/rte,,apply,handle matches name/domain
513,IE,TheJournal.ie,facebook_url,https://www.facebook.com/thejournal.ie,,apply,handle matches name/domain
513,IE,TheJournal.ie,instagram_url,https://www.instagram.com/thejournal_ie,,apply,handle matches name/domain
513,IE,TheJournal.ie,tiktok_url,https://www.tiktok.com/@thejournal_ie,,apply,handle matches name/domain
513,IE,TheJournal.ie,x_url,https://x.com/thejournal_ie,,apply,handle matches name/domain
1039,IL,The Jerusalem Post,facebook_url,https://www.facebook.com/thejerusalempost,,apply,handle matches name/domain
1039,IL,The Jerusalem Post,youtube_url,https://www.youtube.com/channel/UCLLLdCANnMAdMyrXdYbSlxg,,review,handle does not match name/domain
1039,IL,The Jerusalem Post,instagram_url,https://www.instagram.com/thejerusalem_post,,apply,handle matches name/domain
1039,IL,The Jerusalem Post,x_url,https://x.com/jerusalem_post,,apply,handle matches name/domain
1040,IL,Ynetnews,facebook_url,https://www.facebook.com/ynetenglish,,review,handle does not match name/domain
1040,IL,Ynetnews,instagram_url,https://www.instagram.com/ynetglobal,,review,handle does not match name/domain
1040,IL,Ynetnews,x_url,https://x.com/ynetnews,,apply,handle matches name/domain
537,IT,ANSA,facebook_url,https://www.facebook.com/pages,,review,handle does not match name/domain
537,IT,ANSA,youtube_url,https://www.youtube.com/user/Ansa,,apply,handle matches name/domain
537,IT,ANSA,instagram_url,https://www.instagram.com/agenzia_ansa,,apply,handle matches name/domain
537,IT,ANSA,x_url,https://x.com/agenzia_ansa,,apply,handle matches name/domain
536,IT,Corriere della Sera,facebook_url,https://www.facebook.com/corrieredellasera,,apply,handle matches name/domain
536,IT,Corriere della Sera,instagram_url,https://www.instagram.com/corriere,,apply,handle matches name/domain
536,IT,Corriere della Sera,tiktok_url,https://www.tiktok.com/@corrieredellasera,,apply,handle matches name/domain
536,IT,Corriere della Sera,x_url,https://x.com/corriere,,apply,handle matches name/domain
535,IT,La Repubblica,facebook_url,https://www.facebook.com/repubblica,,apply,handle matches name/domain
535,IT,La Repubblica,youtube_url,https://www.youtube.com/@repubblica,,apply,handle matches name/domain
535,IT,La Repubblica,instagram_url,https://www.instagram.com/larepubblica,,apply,handle matches name/domain
535,IT,La Repubblica,tiktok_url,https://www.tiktok.com/@la.repubblica,,apply,handle matches name/domain
535,IT,La Repubblica,x_url,https://x.com/repubblica,,apply,handle matches name/domain
538,IT,La Stampa,facebook_url,https://www.facebook.com/lazampa.it,,review,handle does not match name/domain
538,IT,La Stampa,instagram_url,https://www.instagram.com/lazampait,,review,handle does not match name/domain
538,IT,La Stampa,x_url,https://x.com/lazampa,,review,handle does not match name/domain
1538,JM,Jamaica Observer,facebook_url,https://www.facebook.com/jamaicaobserver,,apply,handle matches name/domain
1538,JM,Jamaica Observer,instagram_url,https://www.instagram.com/jamaicaobserver,,apply,handle matches name/domain
1538,JM,Jamaica Observer,x_url,https://x.com/jamaicaobserver,,apply,handle matches name/domain
1539,JM,Nationwide Radio Jamaica,facebook_url,https://www.facebook.com/nationwideradiojm,,apply,handle matches name/domain
1539,JM,Nationwide Radio Jamaica,youtube_url,https://www.youtube.com/user/Nationwide90fm,,apply,handle matches name/domain
1539,JM,Nationwide Radio Jamaica,instagram_url,https://www.instagram.com/nationwide90fm,,apply,handle matches name/domain
1539,JM,Nationwide Radio Jamaica,x_url,https://x.com/nationwideradio,,apply,handle matches name/domain
62,JP,Mainichi,facebook_url,https://www.facebook.com/mainichishimbun,,apply,handle matches name/domain
62,JP,Mainichi,x_url,https://x.com/mainichi,,apply,handle matches name/domain
1050,JO,Jordan News,facebook_url,https://www.facebook.com/jordannewsdaily,,apply,handle matches name/domain
1050,JO,Jordan News,instagram_url,https://www.instagram.com/jordannewsdaily,,apply,handle matches name/domain
1050,JO,Jordan News,x_url,https://x.com/jordannewsdaily,,apply,handle matches name/domain
1025,KZ,Astana Times,facebook_url,https://www.facebook.com/astana.times,,apply,handle matches name/domain
1025,KZ,Astana Times,youtube_url,https://www.youtube.com/@TheAstanaTimes,https://www.youtube.com/@theastanatimes,apply,handle matches name/domain
1025,KZ,Astana Times,instagram_url,https://www.instagram.com/the_astana_times,,apply,handle matches name/domain
1025,KZ,Astana Times,tiktok_url,https://www.tiktok.com/@theastanatimes_,,apply,handle matches name/domain
1025,KZ,Astana Times,x_url,https://x.com/theastanatimes,,apply,handle matches name/domain
10,KE,Capital FM Kenya,facebook_url,https://www.facebook.com/capitalfmkenya,,apply,handle matches name/domain
10,KE,Capital FM Kenya,instagram_url,https://www.instagram.com/capitalfmkenya,,apply,handle matches name/domain
10,KE,Capital FM Kenya,tiktok_url,https://www.tiktok.com/@capitalfmkenya,,apply,handle matches name/domain
10,KE,Capital FM Kenya,x_url,https://x.com/capitalfmkenya,,apply,handle matches name/domain
11,KE,KBC,youtube_url,https://www.youtube.com/channel/UCypNjM5hP1qcUqQZe57jNfg,https://www.youtube.com/@KBCChannel1News,review,handle does not match name/domain
11,KE,KBC,instagram_url,https://www.instagram.com/kbcchannel1,,apply,handle matches name/domain
11,KE,KBC,tiktok_url,https://www.tiktok.com/@kbcchannel1,,apply,handle matches name/domain
11,KE,KBC,x_url,https://x.com/kbcchannel1,,apply,handle matches name/domain
9,KE,The Standard,facebook_url,https://www.facebook.com/standardkenya,,apply,handle matches name/domain
9,KE,The Standard,youtube_url,https://www.youtube.com/channel/UCKVsdeoHExltrWMuK0hOWmg,,review,handle does not match name/domain
9,KE,The Standard,x_url,https://x.com/standardkenya,,apply,handle matches name/domain
2074,KI,PINA: Kiribati,facebook_url,https://www.facebook.com/pacnews2018,,review,handle does not match name/domain
2074,KI,PINA: Kiribati,youtube_url,https://www.youtube.com/channel/UCY7Pxv80iXRbQlCmH02qBBQ,,review,handle does not match name/domain
2074,KI,PINA: Kiribati,x_url,https://x.com/pacnews2,,review,handle does not match name/domain
630,XK,Koha.net,facebook_url,https://www.facebook.com/portalikohanet,,apply,handle matches name/domain
630,XK,Koha.net,youtube_url,https://www.youtube.com/@ktv-sot9910,,review,handle does not match name/domain
630,XK,Koha.net,x_url,https://x.com/portalikohanet,,apply,handle matches name/domain
1060,KW,RFI: Kuwait,youtube_url,https://www.youtube.com/channel/UC94pBdaUbepV5n3_F_isSWg,,review,handle does not match name/domain
1034,KG,24.kg,facebook_url,https://www.facebook.com/www.24.kg,,review,handle does not match name/domain
1034,KG,24.kg,youtube_url,https://www.youtube.com/channel/UCkKzgNm1_pyPPHKigI75MoQ,,review,handle does not match name/domain
1034,KG,24.kg,instagram_url,https://www.instagram.com/24_kg,,review,handle does not match name/domain
1035,KG,AKIpress,youtube_url,https://www.youtube.com/channel/UCNPxzbEkoNcydfLrRdTb-HA,,review,handle does not match name/domain
1001,LA,Laotian Times,facebook_url,https://www.facebook.com/laotiantimes,,apply,handle matches name/domain
1001,LA,Laotian Times,x_url,https://x.com/laotiantimes,,apply,handle matches name/domain
574,LV,LSM.lv,facebook_url,https://www.facebook.com/lsmportals,,apply,handle matches name/domain
574,LV,LSM.lv,youtube_url,https://www.youtube.com/user/lsmlv,,apply,handle matches name/domain
574,LV,LSM.lv,instagram_url,https://www.instagram.com/lsm.lv,,apply,handle matches name/domain
574,LV,LSM.lv,tiktok_url,https://www.tiktok.com/@lsm.lv,,apply,handle matches name/domain
574,LV,LSM.lv,x_url,https://x.com/ltvzinas,,review,handle does not match name/domain
575,LV,TVNET,facebook_url,https://www.facebook.com/tvnet.lv,,apply,handle matches name/domain
575,LV,TVNET,instagram_url,https://www.instagram.com/tvnet_lv,,apply,handle matches name/domain
575,LV,TVNET,tiktok_url,https://www.tiktok.com/@tvnet.lv,,apply,handle matches name/domain
575,LV,TVNET,x_url,https://x.com/tvnet_zinas,,apply,handle matches name/domain
576,LV,db.lv,facebook_url,https://www.facebook.com/dienasbizness,,review,handle does not match name/domain
576,LV,db.lv,youtube_url,https://www.youtube.com/channel/UC2ezpqP-XFBtQglmUSH16ow,,review,handle does not match name/domain
576,LV,db.lv,instagram_url,https://www.instagram.com/dienasbizness,,review,handle does not match name/domain
576,LV,db.lv,x_url,https://x.com/dblv,,review,handle does not match name/domain
1051,LB,RFI: Lebanon,youtube_url,https://www.youtube.com/channel/UC94pBdaUbepV5n3_F_isSWg,,review,handle does not match name/domain
294,LS,AllAfrica: Lesotho,facebook_url,https://www.facebook.com/allafrica,,apply,handle matches name/domain
294,LS,AllAfrica: Lesotho,x_url,https://x.com/allafrica,,apply,handle matches name/domain
197,LR,GNN Liberia,facebook_url,https://www.facebook.com/gnnliberia,,apply,handle matches name/domain
7298,LR,Liberian Observer,facebook_url,https://www.facebook.com/libobserver,,apply,handle matches name/domain
7298,LR,Liberian Observer,youtube_url,https://www.youtube.com/@libobserver,,apply,handle matches name/domain
7298,LR,Liberian Observer,instagram_url,https://www.instagram.com/libobserver,,apply,handle matches name/domain
7298,LR,Liberian Observer,x_url,https://x.com/libobserver,,apply,handle matches name/domain
178,LY,Libya Herald,facebook_url,https://www.facebook.com/libyaherald,,apply,handle matches name/domain
178,LY,Libya Herald,x_url,https://x.com/libyaherald,,apply,handle matches name/domain
177,LY,Libyan Express,facebook_url,https://www.facebook.com/libyanexpressnews,,apply,handle matches name/domain
177,LY,Libyan Express,youtube_url,https://www.youtube.com/channel/UCdPQn5rnhhmdTNo4Vt31gqA,,review,handle does not match name/domain
177,LY,Libyan Express,instagram_url,https://www.instagram.com/libyanexpress,,apply,handle matches name/domain
177,LY,Libyan Express,x_url,https://x.com/libyanexpress,,apply,handle matches name/domain
577,LT,Delfi.lt,facebook_url,https://www.facebook.com/delfilietuva,,apply,handle matches name/domain
577,LT,Delfi.lt,instagram_url,https://www.instagram.com/delfilietuva,,apply,handle matches name/domain
577,LT,Delfi.lt,tiktok_url,https://www.tiktok.com/@delfilietuva,,apply,handle matches name/domain
297,MG,Madagascar-Tribune,facebook_url,https://www.facebook.com/pages,,review,handle does not match name/domain
297,MG,Madagascar-Tribune,x_url,https://x.com/madatribune,,apply,handle matches name/domain
290,MW,MBC Malawi,facebook_url,https://www.facebook.com/mbctv.malawi,,apply,handle matches name/domain
290,MW,MBC Malawi,youtube_url,https://www.youtube.com/@malawibroadcastingcorporat4568,,apply,handle matches name/domain
290,MW,MBC Malawi,instagram_url,https://www.instagram.com/malawi_broadcasting_corporatio,,apply,handle matches name/domain
290,MW,MBC Malawi,x_url,https://x.com/mbcnewslive,,apply,handle matches name/domain
289,MW,Malawi24,facebook_url,https://www.facebook.com/malawi24,,apply,handle matches name/domain
289,MW,Malawi24,youtube_url,https://www.youtube.com/@Malawi24official,,apply,handle matches name/domain
289,MW,Malawi24,instagram_url,https://www.instagram.com/officialmalawi24,,apply,handle matches name/domain
289,MW,Malawi24,x_url,https://x.com/malawi24,,apply,handle matches name/domain
287,MW,Nyasa Times,facebook_url,https://www.facebook.com/anccleeds,https://www.facebook.com/nyasatimesnewspaper,review,handle does not match name/domain
287,MW,Nyasa Times,x_url,https://x.com/nyasatimess,,apply,handle matches name/domain
994,MY,Free Malaysia Today,facebook_url,https://www.facebook.com/freemalaysiatoday,,apply,handle matches name/domain
994,MY,Free Malaysia Today,youtube_url,https://www.youtube.com/user/FreeMalaysiaToday,,apply,handle matches name/domain
994,MY,Free Malaysia Today,instagram_url,https://www.instagram.com/freemalaysiatoday,,apply,handle matches name/domain
994,MY,Free Malaysia Today,tiktok_url,https://www.tiktok.com/@freemalaysiatoday,,apply,handle matches name/domain
994,MY,Free Malaysia Today,x_url,https://x.com/fmtoday,,apply,handle matches name/domain
993,MY,Malay Mail,facebook_url,https://www.facebook.com/malaymaildotcom,,apply,handle matches name/domain
993,MY,Malay Mail,youtube_url,https://www.youtube.com/user/themalaymailonline,,apply,handle matches name/domain
993,MY,Malay Mail,tiktok_url,https://www.tiktok.com/@themalaymail,,apply,handle matches name/domain
993,MY,Malay Mail,x_url,https://x.com/malaymail,,apply,handle matches name/domain
1022,MV,PSM News,facebook_url,https://www.facebook.com/newspsm,,apply,handle matches name/domain
1022,MV,PSM News,youtube_url,https://www.youtube.com/user/mbcnewsmv,,review,handle does not match name/domain
1022,MV,PSM News,x_url,https://x.com/psmnewsmv,,apply,handle matches name/domain
1021,MV,Sun.mv,facebook_url,https://www.facebook.com/sunmv,,apply,handle matches name/domain
1021,MV,Sun.mv,youtube_url,https://www.youtube.com/user/sunmvlive,,apply,handle matches name/domain
1021,MV,Sun.mv,instagram_url,https://www.instagram.com/sunbrk,,apply,handle matches name/domain
1021,MV,Sun.mv,x_url,https://x.com/sunbrk,,apply,handle matches name/domain
6748,MV,Sun.mv (SunOnline),facebook_url,https://www.facebook.com/sunmv,,apply,handle matches name/domain
6748,MV,Sun.mv (SunOnline),youtube_url,https://www.youtube.com/user/sunmvlive,,apply,handle matches name/domain
6748,MV,Sun.mv (SunOnline),instagram_url,https://www.instagram.com/sunonline.mv,,apply,handle matches name/domain
6748,MV,Sun.mv (SunOnline),x_url,https://x.com/sunbrk,,apply,handle matches name/domain
187,ML,Bamada.net,facebook_url,https://www.facebook.com/bamada.net,,apply,handle matches name/domain
187,ML,Bamada.net,youtube_url,https://www.youtube.com/channel/UC8wK-oynE7Hj7t8pVussdbw,,review,handle does not match name/domain
184,ML,MaliActu,facebook_url,https://www.facebook.com/maliactu,,apply,handle matches name/domain
184,ML,MaliActu,x_url,https://x.com/maliactu,,apply,handle matches name/domain
185,ML,Malijet,facebook_url,https://www.facebook.com/238800652822372,,review,handle does not match name/domain
185,ML,Malijet,x_url,https://x.com/malijetactu,,apply,handle matches name/domain
549,MT,Lovin Malta,facebook_url,https://www.facebook.com/lovinmalta,,apply,handle matches name/domain
549,MT,Lovin Malta,instagram_url,https://www.instagram.com/lovinmalta,,apply,handle matches name/domain
549,MT,Lovin Malta,tiktok_url,https://www.tiktok.com/@lovinmaltaofficial,,apply,handle matches name/domain
549,MT,Lovin Malta,x_url,https://x.com/lovinmalta,,apply,handle matches name/domain
2079,MH,PINA: Marshall Islands,facebook_url,https://www.facebook.com/pacnews2018,,review,handle does not match name/domain
2079,MH,PINA: Marshall Islands,youtube_url,https://www.youtube.com/channel/UCY7Pxv80iXRbQlCmH02qBBQ,,review,handle does not match name/domain
2079,MH,PINA: Marshall Islands,x_url,https://x.com/pacnews2,,review,handle does not match name/domain
6760,MR,AMI (Agence Mauritanienne d'Information),facebook_url,https://www.facebook.com/agenceami.mr,,apply,handle matches name/domain
6760,MR,AMI (Agence Mauritanienne d'Information),youtube_url,https://www.youtube.com/@a.m.i,,review,handle does not match name/domain
6760,MR,AMI (Agence Mauritanienne d'Information),instagram_url,https://www.instagram.com/ami_1975_a,,apply,handle matches name/domain
6760,MR,AMI (Agence Mauritanienne d'Information),x_url,https://x.com/ami1975a,,apply,handle matches name/domain
4224,MR,AllAfrica: Mauritania,facebook_url,https://www.facebook.com/allafrica,,apply,handle matches name/domain
4224,MR,AllAfrica: Mauritania,x_url,https://x.com/allafrica,,apply,handle matches name/domain
7297,MR,Sahara Medias,facebook_url,https://www.facebook.com/saharamedias,,apply,handle matches name/domain
7297,MR,Sahara Medias,youtube_url,https://www.youtube.com/c/%D8%B5%D8%AD%D8%B1%D8%A7%D8%A1%D9%85%D9%8A%D8%AF%D9%8A%D8%A7,,review,handle does not match name/domain
7297,MR,Sahara Medias,instagram_url,https://www.instagram.com/saharamedia,,apply,handle matches name/domain
7297,MR,Sahara Medias,x_url,https://x.com/saharamedias,,apply,handle matches name/domain
300,MU,DefiMedia,facebook_url,https://www.facebook.com/www.defimedia.info,,apply,handle matches name/domain
300,MU,DefiMedia,youtube_url,https://www.youtube.com/@TelePlusMU,,review,handle does not match name/domain
300,MU,DefiMedia,instagram_url,https://www.instagram.com/defimedia.info,,apply,handle matches name/domain
300,MU,DefiMedia,tiktok_url,https://www.tiktok.com/@defimedia.info,,apply,handle matches name/domain
300,MU,DefiMedia,x_url,https://x.com/defimediainfo,,apply,handle matches name/domain
301,MU,Le Mauricien,facebook_url,https://www.facebook.com/lemauricienltd,,apply,handle matches name/domain
301,MU,Le Mauricien,youtube_url,https://www.youtube.com/@LeMauricienLTD,,apply,handle matches name/domain
301,MU,Le Mauricien,instagram_url,https://www.instagram.com/lemauricien_com,,apply,handle matches name/domain
301,MU,Le Mauricien,tiktok_url,https://www.tiktok.com/@lemauricien.com,,apply,handle matches name/domain
301,MU,Le Mauricien,x_url,https://x.com/lemauricien_com,,apply,handle matches name/domain
1514,MX,Expansión,facebook_url,https://www.facebook.com/expansionmex,,apply,handle matches name/domain
1514,MX,Expansión,instagram_url,https://www.instagram.com/expansionmx,,apply,handle matches name/domain
1514,MX,Expansión,tiktok_url,https://www.tiktok.com/@expansion.mx,,apply,handle matches name/domain
1514,MX,Expansión,x_url,https://x.com/expansionmx,,apply,handle matches name/domain
2076,FM,Asia Pacific Report: Micronesia,facebook_url,https://www.facebook.com/asiapacificreportnz,,apply,handle matches name/domain
2076,FM,Asia Pacific Report: Micronesia,youtube_url,https://www.youtube.com/channel/UC5CTJ6Yo_cjtUCY6mWrd1oQ,,review,handle does not match name/domain
2076,FM,Asia Pacific Report: Micronesia,x_url,https://x.com/davidrobie,,review,handle does not match name/domain
2075,FM,PINA: Micronesia,facebook_url,https://www.facebook.com/pacnews2018,,review,handle does not match name/domain
2075,FM,PINA: Micronesia,youtube_url,https://www.youtube.com/channel/UCY7Pxv80iXRbQlCmH02qBBQ,,review,handle does not match name/domain
2075,FM,PINA: Micronesia,x_url,https://x.com/pacnews2,,review,handle does not match name/domain
6753,MD,IPN (Info-Prim Neo Press Agency),facebook_url,https://www.facebook.com/ipn.md,https://www.facebook.com/pencidesign,review,handle matches name/domain
6753,MD,IPN (Info-Prim Neo Press Agency),youtube_url,https://www.youtube.com/channel/UCJmUXRuVJs50QKG6SCFyLZA,,review,handle does not match name/domain
6753,MD,IPN (Info-Prim Neo Press Agency),instagram_url,https://www.instagram.com/ipn.md,,apply,handle matches name/domain
6753,MD,IPN (Info-Prim Neo Press Agency),tiktok_url,https://www.tiktok.com/@ipn.md,,apply,handle matches name/domain
6753,MD,IPN (Info-Prim Neo Press Agency),x_url,https://x.com/ipn_moldova,https://x.com/pencidesign,review,handle matches name/domain
605,MD,NewsMaker,facebook_url,https://www.facebook.com/newsmakermd,,apply,handle matches name/domain
605,MD,NewsMaker,youtube_url,https://www.youtube.com/@NewsMakerOriginal,,apply,handle matches name/domain
605,MD,NewsMaker,instagram_url,https://www.instagram.com/newsmakermd,,apply,handle matches name/domain
605,MD,NewsMaker,tiktok_url,https://www.tiktok.com/@newsmaker.md,,apply,handle matches name/domain
603,MD,TV8.md,facebook_url,https://www.facebook.com/tv8moldova,,apply,handle matches name/domain
603,MD,TV8.md,youtube_url,https://www.youtube.com/channel/UCREEwAZUeexzfEW8lh8dmbA,https://www.youtube.com/@TV8Moldova,review,handle does not match name/domain
603,MD,TV8.md,instagram_url,https://www.instagram.com/tv8.md,,apply,handle matches name/domain
603,MD,TV8.md,tiktok_url,https://www.tiktok.com/@tv8.md,,apply,handle matches name/domain
603,MD,TV8.md,x_url,https://x.com/tv8_md,,apply,handle matches name/domain
604,MD,Ziarul de Gardă,facebook_url,https://www.facebook.com/zdg.md,,apply,handle matches name/domain
604,MD,Ziarul de Gardă,youtube_url,https://www.youtube.com/channel/UCkCsCF9VgO-yXDc4rvRDydA,,review,handle does not match name/domain
604,MD,Ziarul de Gardă,instagram_url,https://www.instagram.com/ziaruldegarda,,apply,handle matches name/domain
604,MD,Ziarul de Gardă,tiktok_url,https://www.tiktok.com/@zdg.md,,apply,handle matches name/domain
604,MD,Ziarul de Gardă,x_url,https://x.com/ziarul_de_garda,,apply,handle matches name/domain
522,MC,Monaco Life,facebook_url,https://www.facebook.com/monacolife.net,,apply,handle matches name/domain
522,MC,Monaco Life,instagram_url,https://www.instagram.com/monacolife_,,apply,handle matches name/domain
522,MC,Monaco Life,x_url,https://x.com/monacolife_,,apply,handle matches name/domain
523,MC,Monaco Tribune,facebook_url,https://www.facebook.com/monacotribune,,apply,handle matches name/domain
523,MC,Monaco Tribune,instagram_url,https://www.instagram.com/monacotribune,,apply,handle matches name/domain
523,MC,Monaco Tribune,x_url,https://x.com/monacotribune,,apply,handle matches name/domain
521,MC,Monaco-Matin,facebook_url,https://www.facebook.com/page.nicematin,https://www.facebook.com/page.varmatin,review,handle matches name/domain
521,MC,Monaco-Matin,youtube_url,https://www.youtube.com/@groupenice-matin8556,,apply,handle matches name/domain
521,MC,Monaco-Matin,instagram_url,https://www.instagram.com/nice_matin,https://www.instagram.com/var_matin | https://www.instagram.com/monacomatin,review,handle matches name/domain
521,MC,Monaco-Matin,tiktok_url,https://www.tiktok.com/@nice_matin,,apply,handle matches name/domain
521,MC,Monaco-Matin,x_url,https://x.com/nice_matin,https://x.com/var_matin | https://x.com/monaco_matin,review,handle matches name/domain
975,MN,iKon.mn,facebook_url,https://www.facebook.com/ikonnews,,apply,handle matches name/domain
621,ME,MINA News,facebook_url,https://www.facebook.com/montenegrinnewsagency,,review,handle does not match name/domain
621,ME,MINA News,youtube_url,https://www.youtube.com/@MinaNews,,apply,handle matches name/domain
621,ME,MINA News,x_url,https://x.com/agencijamina,,apply,handle matches name/domain
620,ME,Vijesti,facebook_url,https://www.facebook.com/vijesti.me,,apply,handle matches name/domain
620,ME,Vijesti,youtube_url,https://www.youtube.com/channel/UCGGDfpTbmFVcvtd4iwHk_WQ,,review,handle does not match name/domain
620,ME,Vijesti,instagram_url,https://www.instagram.com/vijesti.me,,apply,handle matches name/domain
620,ME,Vijesti,x_url,https://x.com/vijestime,,apply,handle matches name/domain
165,MA,Hespress,facebook_url,https://www.facebook.com/hespresseng,,apply,handle matches name/domain
165,MA,Hespress,youtube_url,https://www.youtube.com/channel/UCv-PUx_WSQACDrtlkbaaTyA,,review,handle does not match name/domain
165,MA,Hespress,instagram_url,https://www.instagram.com/hespresseng,,apply,handle matches name/domain
165,MA,Hespress,tiktok_url,https://www.tiktok.com/@hespressenglish,,apply,handle matches name/domain
165,MA,Hespress,x_url,https://x.com/hespressenglish,,apply,handle matches name/domain
166,MA,TelQuel,facebook_url,https://www.facebook.com/telquelofficiel,,apply,handle matches name/domain
166,MA,TelQuel,instagram_url,https://www.instagram.com/telquel,,apply,handle matches name/domain
166,MA,TelQuel,x_url,https://x.com/telquelofficiel,,apply,handle matches name/domain
285,MZ,Club of Mozambique,facebook_url,https://www.facebook.com/club.mozambique,,apply,handle matches name/domain
285,MZ,Club of Mozambique,instagram_url,https://www.instagram.com/clubofmozambique,,apply,handle matches name/domain
285,MZ,Club of Mozambique,x_url,https://x.com/clubomozambique,,apply,handle matches name/domain
283,MZ,Jornal Notícias,facebook_url,https://www.facebook.com/compromissocomosfactos,,review,handle does not match name/domain
283,MZ,Jornal Notícias,youtube_url,https://www.youtube.com/@sociedadedonoticiassa9079,,apply,handle matches name/domain
286,MZ,O País,facebook_url,https://www.facebook.com/opaismz,,apply,handle matches name/domain
286,MZ,O País,instagram_url,https://www.instagram.com/flytaag,https://www.instagram.com/opaisonline,review,handle does not match name/domain
286,MZ,O País,x_url,https://x.com/opaisonline,,apply,handle matches name/domain
284,MZ,Verdade,facebook_url,https://www.facebook.com/jornalverdade,,apply,handle matches name/domain
284,MZ,Verdade,x_url,https://x.com/verdademz,,apply,handle matches name/domain
268,NA,The Namibian,facebook_url,https://www.facebook.com/savannanamibiaofficial,https://www.facebook.com/thenamibiannewspaper,review,handle does not match name/domain
268,NA,The Namibian,instagram_url,https://www.instagram.com/thenamibian,,apply,handle matches name/domain
268,NA,The Namibian,x_url,https://x.com/thenamibian,,apply,handle matches name/domain
2080,NR,PINA: Nauru,facebook_url,https://www.facebook.com/pacnews2018,,review,handle does not match name/domain
2080,NR,PINA: Nauru,youtube_url,https://www.youtube.com/channel/UCY7Pxv80iXRbQlCmH02qBBQ,,review,handle does not match name/domain
2080,NR,PINA: Nauru,x_url,https://x.com/pacnews2,,review,handle does not match name/domain
1015,NP,Kathmandu Post,facebook_url,https://www.facebook.com/kathmandupost,,apply,handle matches name/domain
1015,NP,Kathmandu Post,instagram_url,https://www.instagram.com/kathmandupost.official,,apply,handle matches name/domain
1015,NP,Kathmandu Post,x_url,https://x.com/kathmandupost,,apply,handle matches name/domain
1016,NP,Online Khabar,facebook_url,https://www.facebook.com/onlinekhabarnews,,apply,handle matches name/domain
1016,NP,Online Khabar,youtube_url,https://www.youtube.com/channel/UCo4cuctdb-1YdZNgWEVZGwA,,review,handle does not match name/domain
1016,NP,Online Khabar,x_url,https://x.com/online_khabar,,apply,handle matches name/domain
1017,NP,The Rising Nepal,facebook_url,https://www.facebook.com/risingnepaldaily,,apply,handle matches name/domain
1017,NP,The Rising Nepal,youtube_url,https://www.youtube.com/@gorkhapatraonlinetv1906,https://www.youtube.com/channel/UCFbhgZG_y9soBNx8nFrKl3g,review,handle does not match name/domain
1017,NP,The Rising Nepal,x_url,https://x.com/risingnepal4,,apply,handle matches name/domain
507,NL,AD.nl,facebook_url,https://www.facebook.com/ad.nl,,review,handle does not match name/domain
507,NL,AD.nl,instagram_url,https://www.instagram.com/ad_nl,,review,handle does not match name/domain
507,NL,AD.nl,x_url,https://x.com/adnl,,review,handle does not match name/domain
505,NL,NOS,facebook_url,https://www.facebook.com/nos,,apply,handle matches name/domain
505,NL,NOS,instagram_url,https://www.instagram.com/nos,,apply,handle matches name/domain
504,NL,NU.nl,facebook_url,https://www.facebook.com/nunl,,review,handle does not match name/domain
504,NL,NU.nl,youtube_url,https://www.youtube.com/user/nunl,,review,handle does not match name/domain
504,NL,NU.nl,instagram_url,https://www.instagram.com/nu.nl,,review,handle does not match name/domain
504,NL,NU.nl,tiktok_url,https://www.tiktok.com/@nu.nl,,review,handle does not match name/domain
504,NL,NU.nl,x_url,https://x.com/nunl,,review,handle does not match name/domain
506,NL,de Volkskrant,instagram_url,https://www.instagram.com/de_volkskrant,,apply,handle matches name/domain
2066,NZ,Newsroom,facebook_url,https://www.facebook.com/newsroomnz,,apply,handle matches name/domain
2066,NZ,Newsroom,youtube_url,https://www.youtube.com/@newsroomnz,,apply,handle matches name/domain
2066,NZ,Newsroom,instagram_url,https://www.instagram.com/newsroomnz,,apply,handle matches name/domain
2066,NZ,Newsroom,x_url,https://x.com/newsroomnz,,apply,handle matches name/domain
2064,NZ,RNZ,facebook_url,https://www.facebook.com/rnznewzealand,,apply,handle matches name/domain
2064,NZ,RNZ,youtube_url,https://www.youtube.com/@rnznewzealand,https://www.youtube.com/user/radionz,apply,handle matches name/domain
2064,NZ,RNZ,instagram_url,https://www.instagram.com/rnznewzealand,,apply,handle matches name/domain
2064,NZ,RNZ,tiktok_url,https://www.tiktok.com/@rnznewzealand,,apply,handle matches name/domain
2064,NZ,RNZ,x_url,https://x.com/radionz,,review,handle does not match name/domain
1527,NI,Confidencial,facebook_url,https://www.facebook.com/confidencial.com.ni,,apply,handle matches name/domain
1527,NI,Confidencial,youtube_url,https://www.youtube.com/user/ConfidencialNica,https://www.youtube.com/@ConfidencialNica,apply,handle matches name/domain
1527,NI,Confidencial,instagram_url,https://www.instagram.com/confidencial_ni,,apply,handle matches name/domain
1527,NI,Confidencial,x_url,https://x.com/confidencial_ni,,apply,handle matches name/domain
6759,NE,ANP (Agence Nigérienne de Presse),facebook_url,https://www.facebook.com/www.anp.ne,,apply,handle matches name/domain
6759,NE,ANP (Agence Nigérienne de Presse),youtube_url,https://www.youtube.com/@anpniger2305,,apply,handle matches name/domain
6759,NE,ANP (Agence Nigérienne de Presse),x_url,https://x.com/anp_ne,,apply,handle matches name/domain
207,NE,Le Sahel,facebook_url,https://www.facebook.com/onepniger,,review,handle does not match name/domain
207,NE,Le Sahel,x_url,https://x.com/nigeronep,,review,handle does not match name/domain
205,NE,TamTamInfo,facebook_url,https://www.facebook.com/tamtaminfo,,apply,handle matches name/domain
205,NE,TamTamInfo,x_url,https://x.com/tamtaminfos,,apply,handle matches name/domain
6765,NG,Channels Television,facebook_url,https://www.facebook.com/channelsforum,,apply,handle matches name/domain
6765,NG,Channels Television,instagram_url,https://www.instagram.com/channelstelevision,,apply,handle matches name/domain
6765,NG,Channels Television,tiktok_url,https://www.tiktok.com/@channelstv,,apply,handle matches name/domain
6765,NG,Channels Television,x_url,https://x.com/channelstv,,apply,handle matches name/domain
7,NG,Daily Trust,facebook_url,https://www.facebook.com/profile.php?id=100064638796212,,review,handle does not match name/domain
7,NG,Daily Trust,youtube_url,https://www.youtube.com/@DailyTrust,,apply,handle matches name/domain
7,NG,Daily Trust,instagram_url,https://www.instagram.com/daily_trust,,apply,handle matches name/domain
7,NG,Daily Trust,tiktok_url,https://www.tiktok.com/@thedailytrust,,apply,handle matches name/domain
7,NG,Daily Trust,x_url,https://x.com/daily_trust,,apply,handle matches name/domain
8,NG,Leadership,facebook_url,https://www.facebook.com/leadershipnga,,apply,handle matches name/domain
8,NG,Leadership,youtube_url,https://www.youtube.com/user/LeadershipNGA,,apply,handle matches name/domain
8,NG,Leadership,instagram_url,https://www.instagram.com/leadership_newspaper,,apply,handle matches name/domain
8,NG,Leadership,x_url,https://x.com/leadershipnga,,apply,handle matches name/domain
5,NG,Premium Times,facebook_url,https://www.facebook.com/premiumtimes,,apply,handle matches name/domain
5,NG,Premium Times,youtube_url,https://www.youtube.com/@PremiumTimesng,,apply,handle matches name/domain
5,NG,Premium Times,instagram_url,https://www.instagram.com/premiumtimes,,apply,handle matches name/domain
5,NG,Premium Times,x_url,https://x.com/premiumtimesng,,apply,handle matches name/domain
6,NG,Punch,facebook_url,https://www.facebook.com/punchnewspaper,,apply,handle matches name/domain
6,NG,Punch,youtube_url,https://www.youtube.com/channel/UCKBMh5v6VrB0t75ryyiVsBg,,review,handle does not match name/domain
6,NG,Punch,instagram_url,https://www.instagram.com/punchnewspapers,,apply,handle matches name/domain
6,NG,Punch,tiktok_url,https://www.tiktok.com/@punchnewspapers,,apply,handle matches name/domain
6,NG,Punch,x_url,https://x.com/mobilepunch,,apply,handle matches name/domain
6763,NG,ThisDay,facebook_url,https://www.facebook.com/thisdaylive,,apply,handle matches name/domain
6763,NG,ThisDay,instagram_url,https://www.instagram.com/thisdayliveofficial,,apply,handle matches name/domain
6763,NG,ThisDay,x_url,https://x.com/thisdaylive,,apply,handle matches name/domain
971,KP,Daily NK,facebook_url,https://www.facebook.com/dailynk2005,,apply,handle matches name/domain
971,KP,Daily NK,youtube_url,https://www.youtube.com/channel/UCAHRrJgT-BscHHG-N1auGBg,,review,handle does not match name/domain
971,KP,Daily NK,x_url,https://x.com/dailynk2005,,apply,handle matches name/domain
970,KP,NK News,facebook_url,https://www.facebook.com/nknewsorg,,apply,handle matches name/domain
970,KP,NK News,youtube_url,https://www.youtube.com/channel/UCz5Nf5Eb7EQul1mLqrRwliw,,review,handle does not match name/domain
970,KP,NK News,instagram_url,https://www.instagram.com/nknewsorg,,apply,handle matches name/domain
970,KP,NK News,x_url,https://x.com/nknewsorg,,apply,handle matches name/domain
622,MK,Meta.mk,facebook_url,https://www.facebook.com/meta.mk.mk,,apply,handle matches name/domain
622,MK,Meta.mk,youtube_url,https://www.youtube.com/@%D0%9C%D0%B5%D1%82%D0%B0.%D0%BC%D0%BA,,review,handle does not match name/domain
622,MK,Meta.mk,instagram_url,https://www.instagram.com/meta_mk,,apply,handle matches name/domain
622,MK,Meta.mk,tiktok_url,https://www.tiktok.com/@ctrlz_mk,,review,handle does not match name/domain
622,MK,Meta.mk,x_url,https://x.com/meta_agency,,apply,handle matches name/domain
624,MK,Telma,facebook_url,https://www.facebook.com/tvtelma,,apply,handle matches name/domain
624,MK,Telma,youtube_url,https://www.youtube.com/channel/UCJRei7E8Nxp80zhh24Cwmqg,,review,handle does not match name/domain
624,MK,Telma,instagram_url,https://www.instagram.com/tvtelma,,apply,handle matches name/domain
624,MK,Telma,x_url,https://x.com/tv_telma,,apply,handle matches name/domain
1057,OM,RFI: Oman,youtube_url,https://www.youtube.com/channel/UC94pBdaUbepV5n3_F_isSWg,,review,handle does not match name/domain
6747,PK,APP (Associated Press of Pakistan),youtube_url,https://www.youtube.com/@APPTVLIVE,,apply,handle matches name/domain
1008,PK,Business Recorder,facebook_url,https://www.facebook.com/businessrecorder,,apply,handle matches name/domain
1008,PK,Business Recorder,youtube_url,https://www.youtube.com/channel/UCFWx0mweS7ExXjs3s_wH0CQ,,review,handle does not match name/domain
1008,PK,Business Recorder,instagram_url,https://www.instagram.com/businessrecorder,,apply,handle matches name/domain
1008,PK,Business Recorder,x_url,https://x.com/brecorder_com,,apply,handle matches name/domain
1005,PK,Dawn,facebook_url,https://www.facebook.com/dawndotcom,,apply,handle matches name/domain
1005,PK,Dawn,youtube_url,https://www.youtube.com/c/DawnNewsEnglish,https://www.youtube.com/channel/UC_xWTNsx7zA2uI0ydQikViA | https://www.youtube.com/channel/UCkMdI0K-74jAjOmh5J5H97Q,review,handle matches name/domain
1005,PK,Dawn,instagram_url,https://www.instagram.com/dawn.today,,apply,handle matches name/domain
1005,PK,Dawn,x_url,https://x.com/dawn_com,,apply,handle matches name/domain
1006,PK,The Express Tribune,facebook_url,https://www.facebook.com/etribune,,apply,handle matches name/domain
1006,PK,The Express Tribune,youtube_url,https://www.youtube.com/user/theexpresstribune,,apply,handle matches name/domain
1006,PK,The Express Tribune,instagram_url,https://www.instagram.com/tribunedit,https://www.instagram.com/etribune,review,handle matches name/domain
1006,PK,The Express Tribune,x_url,https://x.com/etribune,,apply,handle matches name/domain
1007,PK,The News International,facebook_url,https://www.facebook.com/thenewsinternational,,apply,handle matches name/domain
1007,PK,The News International,instagram_url,https://www.instagram.com/thenewspak,,apply,handle matches name/domain
1007,PK,The News International,x_url,https://x.com/thenews_intl,,apply,handle matches name/domain
2077,PW,PINA: Palau,facebook_url,https://www.facebook.com/pacnews2018,,review,handle does not match name/domain
2077,PW,PINA: Palau,youtube_url,https://www.youtube.com/channel/UCY7Pxv80iXRbQlCmH02qBBQ,,review,handle does not match name/domain
2077,PW,PINA: Palau,x_url,https://x.com/pacnews2,,review,handle does not match name/domain
1062,PS,PNN,facebook_url,https://www.facebook.com/pnnenglish,,apply,handle matches name/domain
1062,PS,PNN,youtube_url,https://www.youtube.com/user/pnnnetwork,,apply,handle matches name/domain
1062,PS,PNN,x_url,https://x.com/pnn_network,,apply,handle matches name/domain
1063,PS,RFI: Palestinian Territories,youtube_url,https://www.youtube.com/channel/UC94pBdaUbepV5n3_F_isSWg,,review,handle does not match name/domain
1531,PA,Crítica,facebook_url,https://www.facebook.com/criticapanama,,apply,handle matches name/domain
1531,PA,Crítica,youtube_url,https://www.youtube.com/user/diariolacritica,,apply,handle matches name/domain
1531,PA,Crítica,instagram_url,https://www.instagram.com/criticapa,https://www.instagram.com/criticapa02,review,handle matches name/domain
1560,PY,Hoy.com.py,facebook_url,https://www.facebook.com/hoypy,,apply,handle matches name/domain
1560,PY,Hoy.com.py,youtube_url,https://www.youtube.com/@diariohoyparaguay640,,apply,handle matches name/domain
1560,PY,Hoy.com.py,instagram_url,https://www.instagram.com/hoypy,,apply,handle matches name/domain
1560,PY,Hoy.com.py,x_url,https://x.com/hoypy,,apply,handle matches name/domain
1551,PE,El Comercio,facebook_url,https://www.facebook.com/elcomercio.pe,,apply,handle matches name/domain
1551,PE,El Comercio,youtube_url,https://www.youtube.com/@DiarioElComercio,,apply,handle matches name/domain
1551,PE,El Comercio,instagram_url,https://www.instagram.com/elcomercio,,apply,handle matches name/domain
1551,PE,El Comercio,tiktok_url,https://www.tiktok.com/@elcomerciope,,apply,handle matches name/domain
1551,PE,El Comercio,x_url,https://x.com/elcomercio_peru,,apply,handle matches name/domain
1553,PE,Gestión,facebook_url,https://www.facebook.com/gestionpe,,apply,handle matches name/domain
1553,PE,Gestión,youtube_url,https://www.youtube.com/@diariogestionTV,,apply,handle matches name/domain
1553,PE,Gestión,x_url,https://x.com/gestionpe,,apply,handle matches name/domain
1552,PE,RPP,facebook_url,https://www.facebook.com/rppnoticias,,apply,handle matches name/domain
1552,PE,RPP,youtube_url,https://www.youtube.com/@RPPNoticias,,apply,handle matches name/domain
1552,PE,RPP,instagram_url,https://www.instagram.com/rppnoticias,,apply,handle matches name/domain
1552,PE,RPP,tiktok_url,https://www.tiktok.com/@rppnoticias,,apply,handle matches name/domain
1552,PE,RPP,x_url,https://x.com/rppnoticias,,apply,handle matches name/domain
984,PH,Rappler,facebook_url,https://www.facebook.com/rapplerdotcom,,apply,handle matches name/domain
984,PH,Rappler,youtube_url,https://www.youtube.com/channel/UCdnZdQxYXnbN4uWJg96oGxw,,review,handle does not match name/domain
984,PH,Rappler,instagram_url,https://www.instagram.com/rappler,,apply,handle matches name/domain
984,PH,Rappler,x_url,https://x.com/rapplerdotcom,,apply,handle matches name/domain
581,PL,Onet Wiadomości,facebook_url,https://www.facebook.com/onetwiadomosci,,apply,handle matches name/domain
581,PL,Onet Wiadomości,youtube_url,https://www.youtube.com/channel/UC_vMDcmkuEvw0N-gaP35wTA,,review,handle does not match name/domain
581,PL,Onet Wiadomości,instagram_url,https://www.instagram.com/onet_pl,,apply,handle matches name/domain
581,PL,Onet Wiadomości,tiktok_url,https://www.tiktok.com/@onet,,apply,handle matches name/domain
581,PL,Onet Wiadomości,x_url,https://x.com/onetwiadomosci,,apply,handle matches name/domain
582,PL,Polsat News,facebook_url,https://www.facebook.com/polsatnewspl,,apply,handle matches name/domain
582,PL,Polsat News,youtube_url,https://www.youtube.com/@polsatnewsplofc,,apply,handle matches name/domain
582,PL,Polsat News,instagram_url,https://www.instagram.com/polsatnews.pl,,apply,handle matches name/domain
582,PL,Polsat News,tiktok_url,https://www.tiktok.com/@polsatnews.pl,,apply,handle matches name/domain
582,PL,Polsat News,x_url,https://x.com/polsatnewspl,,apply,handle matches name/domain
580,PL,Rzeczpospolita,x_url,https://x.com/rzeczpospolita,,apply,handle matches name/domain
583,PL,TVN24,facebook_url,https://www.facebook.com/tvn24pl,,apply,handle matches name/domain
583,PL,TVN24,instagram_url,https://www.instagram.com/tvn24.pl,,apply,handle matches name/domain
583,PL,TVN24,tiktok_url,https://www.tiktok.com/@tvn24.pl,,apply,handle matches name/domain
583,PL,TVN24,x_url,https://x.com/tvn24,,apply,handle matches name/domain
539,PT,Correio da Manhã,facebook_url,https://www.facebook.com/cmjornal,,apply,handle matches name/domain
539,PT,Correio da Manhã,youtube_url,https://www.youtube.com/@cmtv,,review,handle does not match name/domain
539,PT,Correio da Manhã,instagram_url,https://www.instagram.com/correiodamanhaoficial,,apply,handle matches name/domain
539,PT,Correio da Manhã,x_url,https://x.com/cmjornal,,apply,handle matches name/domain
542,PT,ECO,facebook_url,https://www.facebook.com/ecoeconomiaonline,,apply,handle matches name/domain
542,PT,ECO,instagram_url,https://www.instagram.com/ecoeconomiaonline,,apply,handle matches name/domain
542,PT,ECO,x_url,https://x.com/eco_pt,,apply,handle matches name/domain
541,PT,Observador,facebook_url,https://www.facebook.com/observadorontime,,apply,handle matches name/domain
541,PT,Observador,youtube_url,https://www.youtube.com/user/observadorontime,,apply,handle matches name/domain
541,PT,Observador,instagram_url,https://www.instagram.com/observador,,apply,handle matches name/domain
541,PT,Observador,x_url,https://x.com/observadorpt,,apply,handle matches name/domain
540,PT,RTP Notícias,facebook_url,https://www.facebook.com/rtp,https://www.facebook.com/rtpnoticias,review,handle matches name/domain
540,PT,RTP Notícias,youtube_url,https://www.youtube.com/user/rtp,https://www.youtube.com/@rtpnoticias,apply,handle matches name/domain
540,PT,RTP Notícias,instagram_url,https://www.instagram.com/rtpnoticias,https://www.instagram.com/rtppt,review,handle matches name/domain
540,PT,RTP Notícias,tiktok_url,https://www.tiktok.com/@rtpnoticias,,apply,handle matches name/domain
540,PT,RTP Notícias,x_url,https://x.com/rtpnoticias,https://x.com/rtppt,review,handle matches name/domain
1058,QA,Al Jazeera,facebook_url,https://www.facebook.com/aljazeera,,apply,handle matches name/domain
1058,QA,Al Jazeera,instagram_url,https://www.instagram.com/aljazeeraenglish,,apply,handle matches name/domain
1058,QA,Al Jazeera,tiktok_url,https://www.tiktok.com/@aljazeeraenglish,,apply,handle matches name/domain
1058,QA,Al Jazeera,x_url,https://x.com/ajenglish,,review,handle does not match name/domain
594,RO,Digi24,facebook_url,https://www.facebook.com/digi24hd,,apply,handle matches name/domain
594,RO,Digi24,instagram_url,https://www.instagram.com/digi24ro,,apply,handle matches name/domain
594,RO,Digi24,x_url,https://x.com/digi24_hd,,apply,handle matches name/domain
597,RO,Libertatea,facebook_url,https://www.facebook.com/libertatea,,apply,handle matches name/domain
597,RO,Libertatea,youtube_url,https://www.youtube.com/user/libertatearo,,apply,handle matches name/domain
597,RO,Libertatea,instagram_url,https://www.instagram.com/libertatea,,apply,handle matches name/domain
597,RO,Libertatea,x_url,https://x.com/libertatea,,apply,handle matches name/domain
633,RU,Meduza,facebook_url,https://www.facebook.com/themeduza,,apply,handle matches name/domain
633,RU,Meduza,youtube_url,https://www.youtube.com/c/MeduzaPro,,apply,handle matches name/domain
633,RU,Meduza,instagram_url,https://www.instagram.com/meduzapro,,apply,handle matches name/domain
633,RU,Meduza,x_url,https://x.com/meduzaproject,,apply,handle matches name/domain
632,RU,The Moscow Times,facebook_url,https://www.facebook.com/moscowtimes,,apply,handle matches name/domain
632,RU,The Moscow Times,youtube_url,https://www.youtube.com/channel/UCRNPdAfK5Mp8ORtjUt3Q8UA,,review,handle does not match name/domain
632,RU,The Moscow Times,instagram_url,https://www.instagram.com/themoscowtimes,,apply,handle matches name/domain
632,RU,The Moscow Times,x_url,https://x.com/moscowtimes,,apply,handle matches name/domain
245,RW,KTPress,facebook_url,https://www.facebook.com/ktpressnews,,apply,handle matches name/domain
245,RW,KTPress,youtube_url,https://www.youtube.com/@ktpressrwanda3595,,apply,handle matches name/domain
245,RW,KTPress,instagram_url,https://www.instagram.com/kigalitoday,,review,handle does not match name/domain
245,RW,KTPress,x_url,https://x.com/ktpressrwanda,,apply,handle matches name/domain
246,RW,Taarifa,facebook_url,https://www.facebook.com/taarifarwanda,,apply,handle matches name/domain
246,RW,Taarifa,youtube_url,https://www.youtube.com/channel/UCzjTUU6gZegJxoKnX1dFIDQ,https://www.youtube.com/@taarifarwanda2364,review,handle does not match name/domain
246,RW,Taarifa,instagram_url,https://www.instagram.com/taarifarwanda,,apply,handle matches name/domain
246,RW,Taarifa,tiktok_url,https://www.tiktok.com/@taarifarwanda,,apply,handle matches name/domain
246,RW,Taarifa,x_url,https://x.com/taarifarwanda,,apply,handle matches name/domain
2072,WS,Asia Pacific Report: Samoa,facebook_url,https://www.facebook.com/asiapacificreportnz,,apply,handle matches name/domain
2072,WS,Asia Pacific Report: Samoa,youtube_url,https://www.youtube.com/channel/UC5CTJ6Yo_cjtUCY6mWrd1oQ,,review,handle does not match name/domain
2072,WS,Asia Pacific Report: Samoa,x_url,https://x.com/davidrobie,,review,handle does not match name/domain
2071,WS,Samoa News,instagram_url,https://www.instagram.com/samoanews,,apply,handle matches name/domain
526,SM,Libertas,facebook_url,https://www.facebook.com/libertas.sm,,apply,handle matches name/domain
526,SM,Libertas,youtube_url,https://www.youtube.com/channel/UCeYQPOmkZ31X9jMedYAlJCg,,review,handle does not match name/domain
526,SM,Libertas,instagram_url,https://www.instagram.com/libertas.sm,,apply,handle matches name/domain
1037,SA,Saudi Gazette,facebook_url,https://www.facebook.com/saudigazette,,apply,handle matches name/domain
1037,SA,Saudi Gazette,youtube_url,https://www.youtube.com/channel/UC533uSPWSFXF_JmbknAtmOw,,review,handle does not match name/domain
1037,SA,Saudi Gazette,instagram_url,https://www.instagram.com/saudigazette_sa,,apply,handle matches name/domain
1037,SA,Saudi Gazette,x_url,https://x.com/saudi_gazette,,apply,handle matches name/domain
5193,SN,Financial Afrik,facebook_url,https://www.facebook.com/financialafrik,,apply,handle matches name/domain
5193,SN,Financial Afrik,youtube_url,https://www.youtube.com/c/FinancialAfrikFA,,apply,handle matches name/domain
5193,SN,Financial Afrik,instagram_url,https://www.instagram.com/financialafrikbusiness,,apply,handle matches name/domain
5193,SN,Financial Afrik,x_url,https://x.com/financialafrik,,apply,handle matches name/domain
13,SN,Le Soleil,facebook_url,https://www.facebook.com/lesoleilsnofficiel,,apply,handle matches name/domain
13,SN,Le Soleil,youtube_url,https://www.youtube.com/@lesoleilsnofficiel,,apply,handle matches name/domain
13,SN,Le Soleil,instagram_url,https://www.instagram.com/lesoleilsnofficiel,,apply,handle matches name/domain
13,SN,Le Soleil,tiktok_url,https://www.tiktok.com/@le.soleil.online,,apply,handle matches name/domain
13,SN,Le Soleil,x_url,https://x.com/lesoleilonline,,apply,handle matches name/domain
16,SN,Senego,facebook_url,https://www.facebook.com/senegosite,,apply,handle matches name/domain
16,SN,Senego,youtube_url,https://www.youtube.com/channel/UCwzMh0iy29fijWI8H27RrAg,,review,handle does not match name/domain
16,SN,Senego,instagram_url,https://www.instagram.com/senego_com,,apply,handle matches name/domain
16,SN,Senego,tiktok_url,https://www.tiktok.com/@senego.com,,apply,handle matches name/domain
16,SN,Senego,x_url,https://x.com/senego,,apply,handle matches name/domain
6768,SN,Seneweb,facebook_url,https://www.facebook.com/senewebcom,https://www.facebook.com/pdmariekhonefayeofficielle,review,handle matches name/domain
6768,SN,Seneweb,youtube_url,https://www.youtube.com/@SenewebTV,,apply,handle matches name/domain
6768,SN,Seneweb,instagram_url,https://www.instagram.com/seneweb_officiel,,apply,handle matches name/domain
6768,SN,Seneweb,x_url,https://x.com/seneweb,,apply,handle matches name/domain
615,RS,Danas,facebook_url,https://www.facebook.com/www.danas.rs,,apply,handle matches name/domain
615,RS,Danas,youtube_url,https://www.youtube.com/channel/UCaW4dfI-ME9o9tvNsjg8PYA,,review,handle does not match name/domain
615,RS,Danas,instagram_url,https://www.instagram.com/danas.rs,,apply,handle matches name/domain
615,RS,Danas,tiktok_url,https://www.tiktok.com/@danas.rs,,apply,handle matches name/domain
615,RS,Danas,x_url,https://x.com/onlinedanas,,apply,handle matches name/domain
614,RS,N1,facebook_url,https://www.facebook.com/n1srbija,,review,handle does not match name/domain
614,RS,N1,youtube_url,https://www.youtube.com/channel/UCpglal7d5mhV4lA1b3-DsCw,,review,handle does not match name/domain
614,RS,N1,instagram_url,https://www.instagram.com/n1srbija_,,review,handle does not match name/domain
614,RS,N1,x_url,https://x.com/n1srbija,,review,handle does not match name/domain
616,RS,Nova.rs,facebook_url,https://www.facebook.com/nova.rs.officialpage,,apply,handle matches name/domain
616,RS,Nova.rs,youtube_url,https://www.youtube.com/channel/UCloa3CgQMtGSeqjLkpQlEFg,,review,handle does not match name/domain
616,RS,Nova.rs,instagram_url,https://www.instagram.com/nova.rs_portal,,apply,handle matches name/domain
616,RS,Nova.rs,x_url,https://x.com/novarsonline,,apply,handle matches name/domain
305,SC,AllAfrica: Seychelles,facebook_url,https://www.facebook.com/allafrica,,apply,handle matches name/domain
305,SC,AllAfrica: Seychelles,x_url,https://x.com/allafrica,,apply,handle matches name/domain
194,SL,Sierra Loaded,facebook_url,https://www.facebook.com/sierraloaded,,apply,handle matches name/domain
194,SL,Sierra Loaded,youtube_url,https://www.youtube.com/channel/UCQl4gqaPgKaBbPuiugt8AtQ,,review,handle does not match name/domain
194,SL,Sierra Loaded,instagram_url,https://www.instagram.com/sierraloaded,,apply,handle matches name/domain
194,SL,Sierra Loaded,tiktok_url,https://www.tiktok.com/@sierraloaded,,apply,handle matches name/domain
194,SL,Sierra Loaded,x_url,https://x.com/sierraloaded,,apply,handle matches name/domain
996,SG,Channel NewsAsia,facebook_url,https://www.facebook.com/channelnewsasia,,apply,handle matches name/domain
996,SG,Channel NewsAsia,youtube_url,https://www.youtube.com/user/channelnewsasia,,apply,handle matches name/domain
996,SG,Channel NewsAsia,x_url,https://x.com/channelnewsasia,,apply,handle matches name/domain
995,SG,The Straits Times,facebook_url,https://www.facebook.com/thestraitstimes,,apply,handle matches name/domain
995,SG,The Straits Times,youtube_url,https://www.youtube.com/user/StraitsTimesOnline,,apply,handle matches name/domain
995,SG,The Straits Times,instagram_url,https://www.instagram.com/straits_times,,apply,handle matches name/domain
995,SG,The Straits Times,tiktok_url,https://www.tiktok.com/@straitstimes,,apply,handle matches name/domain
995,SG,The Straits Times,x_url,https://x.com/straits_times,,apply,handle matches name/domain
588,SK,Aktuality.sk,facebook_url,https://www.facebook.com/aktuality.sk,,apply,handle matches name/domain
588,SK,Aktuality.sk,youtube_url,https://www.youtube.com/channel/UC2lCFhJIC4adt_oP1dwSOVg,,review,handle does not match name/domain
588,SK,Aktuality.sk,instagram_url,https://www.instagram.com/aktuality_sk,,apply,handle matches name/domain
588,SK,Aktuality.sk,tiktok_url,https://www.tiktok.com/@aktuality_sk,,apply,handle matches name/domain
588,SK,Aktuality.sk,x_url,https://x.com/aktualitysk,,apply,handle matches name/domain
587,SK,SME.sk,facebook_url,https://www.facebook.com/sme.sk,,apply,handle matches name/domain
587,SK,SME.sk,youtube_url,https://www.youtube.com/channel/UCyda3-VrO_BezqwTrWSjtmw,,review,handle does not match name/domain
587,SK,SME.sk,instagram_url,https://www.instagram.com/denniksme,,apply,handle matches name/domain
587,SK,SME.sk,x_url,https://x.com/denniksme,,apply,handle matches name/domain
611,SI,Delo,facebook_url,https://www.facebook.com/delo.fb,,apply,handle matches name/domain
611,SI,Delo,youtube_url,https://www.youtube.com/@Delosi1,,apply,handle matches name/domain
611,SI,Delo,instagram_url,https://www.instagram.com/casnik_delo,,apply,handle matches name/domain
611,SI,Delo,tiktok_url,https://www.tiktok.com/@delo.si,,apply,handle matches name/domain
611,SI,Delo,x_url,https://x.com/delo,,apply,handle matches name/domain
610,SI,RTV Slovenija,facebook_url,https://www.facebook.com/rtvslo.si,,apply,handle matches name/domain
610,SI,RTV Slovenija,youtube_url,https://www.youtube.com/channel/UCPWpMgAlILvkRxf7JYgj7DQ,,review,handle does not match name/domain
610,SI,RTV Slovenija,instagram_url,https://www.instagram.com/mmcrtvslo,,apply,handle matches name/domain
610,SI,RTV Slovenija,x_url,https://x.com/rtvslo,,apply,handle matches name/domain
613,SI,Žurnal24,facebook_url,https://www.facebook.com/zurnal24.si,,apply,handle matches name/domain
613,SI,Žurnal24,x_url,https://x.com/zurnal_24,,review,handle does not match name/domain
2069,SB,PINA: Solomon Islands,facebook_url,https://www.facebook.com/pacnews2018,,review,handle does not match name/domain
2069,SB,PINA: Solomon Islands,youtube_url,https://www.youtube.com/channel/UCY7Pxv80iXRbQlCmH02qBBQ,,review,handle does not match name/domain
2069,SB,PINA: Solomon Islands,x_url,https://x.com/pacnews2,,review,handle does not match name/domain
3,ZA,IOL,facebook_url,https://www.facebook.com/iolnews,,apply,handle matches name/domain
3,ZA,IOL,youtube_url,https://www.youtube.com/channel/UCeQFd7S6urAw6mm0kS4xuhg,,review,handle does not match name/domain
3,ZA,IOL,instagram_url,https://www.instagram.com/iolnews,,apply,handle matches name/domain
3,ZA,IOL,tiktok_url,https://www.tiktok.com/@iolnews,,apply,handle matches name/domain
3,ZA,IOL,x_url,https://x.com/iol,,apply,handle matches name/domain
2,ZA,SABC News,facebook_url,https://www.facebook.com/sabcnews,https://www.facebook.com/sabcportal,review,handle matches name/domain
2,ZA,SABC News,instagram_url,https://www.instagram.com/sabcnewsonline,,apply,handle matches name/domain
2,ZA,SABC News,tiktok_url,https://www.tiktok.com/@sabcnews,,apply,handle matches name/domain
2,ZA,SABC News,x_url,https://x.com/sabcnews,,apply,handle matches name/domain
4,ZA,The South African,facebook_url,https://www.facebook.com/thesouthafrican,,apply,handle matches name/domain
4,ZA,The South African,youtube_url,https://www.youtube.com/c/TheSouthAfrican-tv,,apply,handle matches name/domain
4,ZA,The South African,instagram_url,https://www.instagram.com/the.south.african,,apply,handle matches name/domain
4,ZA,The South African,tiktok_url,https://www.tiktok.com/@the.southafrican,,apply,handle matches name/domain
4,ZA,The South African,x_url,https://x.com/thesanews,,review,handle does not match name/domain
969,KR,Dong-A Ilbo,facebook_url,https://www.facebook.com/dongamedia,,apply,handle matches name/domain
969,KR,Dong-A Ilbo,youtube_url,https://www.youtube.com/@donga-MagazineD,,apply,handle matches name/domain
969,KR,Dong-A Ilbo,instagram_url,https://www.instagram.com/dongailbo_official,,apply,handle matches name/domain
969,KR,Dong-A Ilbo,x_url,https://x.com/dongamedia,,apply,handle matches name/domain
966,KR,Yonhap News Agency,facebook_url,https://www.facebook.com/yonhapenglish,,apply,handle matches name/domain
966,KR,Yonhap News Agency,x_url,https://x.com/yonhapnews,,apply,handle matches name/domain
265,SS,Eye Radio,facebook_url,https://www.facebook.com/eyeradioss,,apply,handle matches name/domain
265,SS,Eye Radio,youtube_url,https://www.youtube.com/@eyeradiosouthsudan98,,apply,handle matches name/domain
265,SS,Eye Radio,instagram_url,https://www.instagram.com/eyeradiojuba,,apply,handle matches name/domain
265,SS,Eye Radio,tiktok_url,https://www.tiktok.com/@eye.radio.south.sudan,,apply,handle matches name/domain
265,SS,Eye Radio,x_url,https://x.com/eyeradiojuba,,apply,handle matches name/domain
533,ES,20minutos,facebook_url,https://www.facebook.com/20minutos.es,,apply,handle matches name/domain
533,ES,20minutos,instagram_url,https://www.instagram.com/20m,,review,handle does not match name/domain
533,ES,20minutos,tiktok_url,https://www.tiktok.com/@20m,,review,handle does not match name/domain
533,ES,20minutos,x_url,https://x.com/20m,,review,handle does not match name/domain
532,ES,ABC,facebook_url,https://www.facebook.com/abces,,apply,handle matches name/domain
532,ES,ABC,instagram_url,https://www.instagram.com/abc_diario,,apply,handle matches name/domain
532,ES,ABC,x_url,https://x.com/abc_es,,apply,handle matches name/domain
531,ES,El País,youtube_url,https://www.youtube.com/channel/UCnsvJeZO4RigQ898WdDNoBw,,review,handle does not match name/domain
531,ES,El País,instagram_url,https://www.instagram.com/el_pais,,review,handle does not match name/domain
531,ES,El País,x_url,https://x.com/el_pais,,review,handle does not match name/domain
1012,LK,Ada Derana,facebook_url,https://www.facebook.com/adaderana,,apply,handle matches name/domain
1012,LK,Ada Derana,youtube_url,https://www.youtube.com/channel/UCCK3OZi788Ok44K97WAhLKQ,,review,handle does not match name/domain
1012,LK,Ada Derana,instagram_url,https://www.instagram.com/adaderana_english,,apply,handle matches name/domain
1012,LK,Ada Derana,tiktok_url,https://www.tiktok.com/@adaderana,,apply,handle matches name/domain
1012,LK,Ada Derana,x_url,https://x.com/adaderana,,apply,handle matches name/domain
1014,LK,EconomyNext,facebook_url,https://www.facebook.com/economynxt,,review,handle does not match name/domain
1014,LK,EconomyNext,youtube_url,https://www.youtube.com/channel/UCljTXbhUOR5waxd9gRTLgaw,,review,handle does not match name/domain
1014,LK,EconomyNext,instagram_url,https://www.instagram.com/economynext,,apply,handle matches name/domain
1014,LK,EconomyNext,x_url,https://x.com/economynext,,apply,handle matches name/domain
262,SD,Radio Dabanga,facebook_url,https://www.facebook.com/dabangaradio,,apply,handle matches name/domain
262,SD,Radio Dabanga,youtube_url,https://www.youtube.com/user/darfurradio,,apply,handle matches name/domain
262,SD,Radio Dabanga,x_url,https://x.com/radiodabanga,,apply,handle matches name/domain
264,SD,Sudan Akhbar,facebook_url,https://www.facebook.com/sudanakhbar,,apply,handle matches name/domain
264,SD,Sudan Akhbar,x_url,https://x.com/sudanakhbar,,apply,handle matches name/domain
1566,SR,GFC Nieuws,facebook_url,https://www.facebook.com/gfcnieuwsinternational,,apply,handle matches name/domain
1566,SR,GFC Nieuws,x_url,https://x.com/gfcnieuws,,apply,handle matches name/domain
1565,SR,Waterkant,facebook_url,https://www.facebook.com/waterkant.net,,apply,handle matches name/domain
1565,SR,Waterkant,youtube_url,https://www.youtube.com/user/waterkantsuriname,,apply,handle matches name/domain
1565,SR,Waterkant,instagram_url,https://www.instagram.com/waterkant_suriname,,apply,handle matches name/domain
1565,SR,Waterkant,x_url,https://x.com/waterkant_net,,apply,handle matches name/domain
1567,SR,dBSuriname,facebook_url,https://www.facebook.com/profile.php?id=61571258297724,,review,handle does not match name/domain
1567,SR,dBSuriname,youtube_url,https://www.youtube.com/user/RBNSuriname,,review,handle does not match name/domain
1567,SR,dBSuriname,x_url,https://x.com/dagblad_surinam,,review,handle does not match name/domain
554,SE,Dagens Nyheter,facebook_url,https://www.facebook.com/dn.se,,review,handle does not match name/domain
554,SE,Dagens Nyheter,youtube_url,https://www.youtube.com/@DagensNyheterDN,,apply,handle matches name/domain
554,SE,Dagens Nyheter,instagram_url,https://www.instagram.com/dagens_nyheter,,apply,handle matches name/domain
554,SE,Dagens Nyheter,tiktok_url,https://www.tiktok.com/@dagensnyheterdn,,apply,handle matches name/domain
555,SE,Svenska Dagbladet,facebook_url,https://www.facebook.com/svenskadagbladet,,apply,handle matches name/domain
555,SE,Svenska Dagbladet,instagram_url,https://www.instagram.com/svenskadagbladet,,apply,handle matches name/domain
555,SE,Svenska Dagbladet,tiktok_url,https://www.tiktok.com/@svenskadagbladet,,apply,handle matches name/domain
516,CH,NZZ,facebook_url,https://www.facebook.com/nzz,,apply,handle matches name/domain
516,CH,NZZ,youtube_url,https://www.youtube.com/c/NZZNeueZürcherZeitung,,apply,handle matches name/domain
516,CH,NZZ,instagram_url,https://www.instagram.com/nzz,,apply,handle matches name/domain
516,CH,NZZ,tiktok_url,https://www.tiktok.com/@neuezuercherzeitung,,review,handle does not match name/domain
516,CH,NZZ,x_url,https://x.com/nzz,,apply,handle matches name/domain
1053,SY,RFI: Syria,youtube_url,https://www.youtube.com/channel/UC94pBdaUbepV5n3_F_isSWg,,review,handle does not match name/domain
1052,SY,SANA,facebook_url,https://www.facebook.com/syrianarabnewsagencysana,,apply,handle matches name/domain
1052,SY,SANA,youtube_url,https://www.youtube.com/@SANANewsEnglish,,apply,handle matches name/domain
1052,SY,SANA,instagram_url,https://www.instagram.com/agency_sana,,apply,handle matches name/domain
1052,SY,SANA,x_url,https://x.com/sanaenofficial,,apply,handle matches name/domain
6749,ST,Téla Nón,facebook_url,https://www.facebook.com/telanonstp,,apply,handle matches name/domain
6749,ST,Téla Nón,x_url,https://x.com/telanonstp,,apply,handle matches name/domain
973,TW,Liberty Times (LTN),facebook_url,https://www.facebook.com/m.ltn.tw,,apply,handle matches name/domain
973,TW,Liberty Times (LTN),youtube_url,https://www.youtube.com/user/tvforltn,,apply,handle matches name/domain
973,TW,Liberty Times (LTN),x_url,https://x.com/ltntw,,apply,handle matches name/domain
974,TW,UDN,facebook_url,https://www.facebook.com/myudn,,apply,handle matches name/domain
974,TW,UDN,youtube_url,https://www.youtube.com/channel/UC2M61YK4ntt9iK-23XhDwcw,,review,handle does not match name/domain
974,TW,UDN,instagram_url,https://www.instagram.com/myudn,,apply,handle matches name/domain
1032,TJ,Asia-Plus,facebook_url,https://www.facebook.com/asiaplustoj,,apply,handle matches name/domain
1032,TJ,Asia-Plus,youtube_url,https://www.youtube.com/user/asiaplustj,,apply,handle matches name/domain
1032,TJ,Asia-Plus,instagram_url,https://www.instagram.com/asiaplustoj,https://www.instagram.com/rccolatj | https://www.instagram.com/gardens.tajikistan,review,handle matches name/domain
1032,TJ,Asia-Plus,tiktok_url,https://www.tiktok.com/@asiaplustj_,,apply,handle matches name/domain
1033,TJ,Avesta,facebook_url,https://www.facebook.com/avesta.tj,,apply,handle matches name/domain
1033,TJ,Avesta,youtube_url,https://www.youtube.com/@avesta.tj01,,apply,handle matches name/domain
1033,TJ,Avesta,instagram_url,https://www.instagram.com/avesta.tj,,apply,handle matches name/domain
1033,TJ,Avesta,tiktok_url,https://www.tiktok.com/@avesta.tj,,apply,handle matches name/domain
6752,TJ,Khovar,facebook_url,https://www.facebook.com/niatkhovar,,apply,handle matches name/domain
6752,TJ,Khovar,youtube_url,https://www.youtube.com/@niatkhovar,,apply,handle matches name/domain
6752,TJ,Khovar,instagram_url,https://www.instagram.com/niat_khovar,,apply,handle matches name/domain
242,TZ,Daily News Tanzania,facebook_url,https://www.facebook.com/dailynewstanzania,,apply,handle matches name/domain
242,TZ,Daily News Tanzania,youtube_url,https://www.youtube.com/c/DailyNewsDigital,https://www.youtube.com/@DailyNewsDigital,apply,handle matches name/domain
242,TZ,Daily News Tanzania,instagram_url,https://www.instagram.com/dailynews_tz,,apply,handle matches name/domain
242,TZ,Daily News Tanzania,x_url,https://x.com/dailynewstz,,apply,handle matches name/domain
243,TZ,Habari Leo,facebook_url,https://www.facebook.com/habarileo,,apply,handle matches name/domain
243,TZ,Habari Leo,youtube_url,https://www.youtube.com/c/DailyNewsDigital,,review,handle does not match name/domain
243,TZ,Habari Leo,instagram_url,https://www.instagram.com/habarileo_tz,https://www.instagram.com/visioncaretz,review,handle matches name/domain
243,TZ,Habari Leo,x_url,https://x.com/habarileo,,apply,handle matches name/domain
991,TH,Khaosod English,facebook_url,https://www.facebook.com/khaosodenglish,,apply,handle matches name/domain
991,TH,Khaosod English,youtube_url,https://www.youtube.com/user/KhaosodEnglish,,apply,handle matches name/domain
991,TH,Khaosod English,instagram_url,https://www.instagram.com/khaosodenglish,,apply,handle matches name/domain
991,TH,Khaosod English,x_url,https://x.com/khaosodenglish,,apply,handle matches name/domain
6751,TL,Tatoli,facebook_url,https://www.facebook.com/tatoli.ip,,apply,handle matches name/domain
1004,TL,The Dili Weekly,facebook_url,https://www.facebook.com/thediliweekly,,apply,handle matches name/domain
1004,TL,The Dili Weekly,youtube_url,https://www.youtube.com/channel/UC-w43OWTxqqvYVekaAObMBg,https://www.youtube.com/@TheDiliWeeklyTL,review,handle does not match name/domain
1004,TL,The Dili Weekly,x_url,https://x.com/thediliweekly,,apply,handle matches name/domain
6754,TG,ATOP (Agence Togolaise de Presse),facebook_url,https://www.facebook.com/atoptg,,apply,handle matches name/domain
6754,TG,ATOP (Agence Togolaise de Presse),x_url,https://x.com/atoptg,,apply,handle matches name/domain
199,TG,TogoWeb,facebook_url,https://www.facebook.com/tgwebinfos,,review,handle does not match name/domain
199,TG,TogoWeb,x_url,https://x.com/tgwebinfos,,review,handle does not match name/domain
2073,TO,Matangi Tonga,facebook_url,https://www.facebook.com/matangitongaonline,,apply,handle matches name/domain
2073,TO,Matangi Tonga,x_url,https://x.com/tonganews,,apply,handle matches name/domain
1540,TT,Trinidad Express,facebook_url,https://www.facebook.com/expressnewspapers,,apply,handle matches name/domain
1540,TT,Trinidad Express,instagram_url,https://www.instagram.com/trinidadexpress,,apply,handle matches name/domain
1540,TT,Trinidad Express,tiktok_url,https://www.tiktok.com/@trinidad_express,,apply,handle matches name/domain
1540,TT,Trinidad Express,x_url,https://x.com/expressupdates,,apply,handle matches name/domain
172,TN,Business News,facebook_url,https://www.facebook.com/businessnewsofficiel,,apply,handle matches name/domain
172,TN,Business News,youtube_url,https://www.youtube.com/@businessnews6594,,apply,handle matches name/domain
172,TN,Business News,instagram_url,https://www.instagram.com/businessnews.com.tn,,apply,handle matches name/domain
172,TN,Business News,x_url,https://x.com/businessnews_tn,,apply,handle matches name/domain
175,TN,La Presse de Tunisie,facebook_url,https://www.facebook.com/lapresse.tunisie,,apply,handle matches name/domain
175,TN,La Presse de Tunisie,youtube_url,https://www.youtube.com/channel/UCNefnhtUjZdKMZwUa7HMf3g,https://www.youtube.com/@lapressedetunisie152,review,handle does not match name/domain
175,TN,La Presse de Tunisie,instagram_url,https://www.instagram.com/magazinelapresse,,apply,handle matches name/domain
175,TN,La Presse de Tunisie,x_url,https://x.com/lapressetunisie,,apply,handle matches name/domain
173,TN,Leaders,facebook_url,https://www.facebook.com/leaderstunisie,,apply,handle matches name/domain
173,TN,Leaders,youtube_url,https://www.youtube.com/channel/UC8zd6VoEAb-M25N_Y2Yg_7w,,review,handle does not match name/domain
173,TN,Leaders,instagram_url,https://www.instagram.com/leaderstunisie,,apply,handle matches name/domain
173,TN,Leaders,x_url,https://x.com/leaderstunisie,,apply,handle matches name/domain
1042,TR,Anadolu Agency,facebook_url,https://www.facebook.com/anadoluagencyenglish,,apply,handle matches name/domain
1042,TR,Anadolu Agency,youtube_url,https://www.youtube.com/user/anadoluagency,,apply,handle matches name/domain
1042,TR,Anadolu Agency,instagram_url,https://www.instagram.com/anadoluagency,,apply,handle matches name/domain
1042,TR,Anadolu Agency,x_url,https://x.com/anadoluagency,,apply,handle matches name/domain
1041,TR,Daily Sabah,facebook_url,https://www.facebook.com/dailysabah,,apply,handle matches name/domain
1041,TR,Daily Sabah,instagram_url,https://www.instagram.com/dailysabah,,apply,handle matches name/domain
1041,TR,Daily Sabah,x_url,https://x.com/dailysabah,,apply,handle matches name/domain
1030,TM,Turkmen.news,facebook_url,https://www.facebook.com/adalat.seeker,,review,handle does not match name/domain
1030,TM,Turkmen.news,youtube_url,https://www.youtube.com/user/AltTmNews,,review,handle does not match name/domain
1030,TM,Turkmen.news,x_url,https://x.com/adalatseeker,,review,handle does not match name/domain
2081,TV,PINA: Tuvalu,facebook_url,https://www.facebook.com/pacnews2018,,review,handle does not match name/domain
2081,TV,PINA: Tuvalu,youtube_url,https://www.youtube.com/channel/UCY7Pxv80iXRbQlCmH02qBBQ,,review,handle does not match name/domain
2081,TV,PINA: Tuvalu,x_url,https://x.com/pacnews2,,review,handle does not match name/domain
241,UG,NTV Uganda,facebook_url,https://www.facebook.com/ntvuganda,,apply,handle matches name/domain
241,UG,NTV Uganda,youtube_url,https://www.youtube.com/user/ntvuganda,,apply,handle matches name/domain
241,UG,NTV Uganda,instagram_url,https://www.instagram.com/ntvuganda,,apply,handle matches name/domain
241,UG,NTV Uganda,tiktok_url,https://www.tiktok.com/@ntvug,,apply,handle matches name/domain
241,UG,NTV Uganda,x_url,https://x.com/ntvuganda,,apply,handle matches name/domain
238,UG,Nile Post,x_url,https://x.com/nbsportug,,review,handle does not match name/domain
240,UG,Watchdog Uganda,youtube_url,https://www.youtube.com/@watchdoguganda481,,apply,handle matches name/domain
240,UG,Watchdog Uganda,tiktok_url,https://www.tiktok.com/@watchdog_ug,,apply,handle matches name/domain
600,UA,Kyiv Post,facebook_url,https://www.facebook.com/kyivpost,,apply,handle matches name/domain
600,UA,Kyiv Post,youtube_url,https://www.youtube.com/c/KyivPostNewspaper,,apply,handle matches name/domain
600,UA,Kyiv Post,instagram_url,https://www.instagram.com/kyivpost.official,,apply,handle matches name/domain
600,UA,Kyiv Post,tiktok_url,https://www.tiktok.com/@kyiv_post,,apply,handle matches name/domain
600,UA,Kyiv Post,x_url,https://x.com/kyivpost,,apply,handle matches name/domain
601,UA,Ukrayinska Pravda,facebook_url,https://www.facebook.com/pages,,review,handle does not match name/domain
601,UA,Ukrayinska Pravda,youtube_url,https://www.youtube.com/channel/UChparf_xrUZ_CJGQY5g4aEg,,review,handle does not match name/domain
601,UA,Ukrayinska Pravda,instagram_url,https://www.instagram.com/ukr_pravda,,apply,handle matches name/domain
601,UA,Ukrayinska Pravda,tiktok_url,https://www.tiktok.com/@pravda_com_ua,,apply,handle matches name/domain
601,UA,Ukrayinska Pravda,x_url,https://x.com/ukrpravda_news,,apply,handle matches name/domain
64,AE,Dubai Chronicle,facebook_url,https://www.facebook.com/dubaichronicle,,apply,handle matches name/domain
64,AE,Dubai Chronicle,youtube_url,https://www.youtube.com/channel/UC3r8uCLsaz6_6-UrnbTvv_Q,,review,handle does not match name/domain
64,AE,Dubai Chronicle,instagram_url,https://www.instagram.com/dubaichronicle,,apply,handle matches name/domain
64,AE,Dubai Chronicle,x_url,https://x.com/dubaichronicle,,apply,handle matches name/domain
6766,AE,Gulf News,facebook_url,https://www.facebook.com/gulfnews.uae,,apply,handle matches name/domain
6766,AE,Gulf News,instagram_url,https://www.instagram.com/gulfnews,,apply,handle matches name/domain
6766,AE,Gulf News,x_url,https://x.com/gulf_news,,apply,handle matches name/domain
41,GB,BBC News,facebook_url,https://www.facebook.com/bbcnews,,apply,handle matches name/domain
41,GB,BBC News,instagram_url,https://www.instagram.com/bbcnews,,apply,handle matches name/domain
41,GB,BBC News,tiktok_url,https://www.tiktok.com/@bbcnews,,apply,handle matches name/domain
41,GB,BBC News,x_url,https://x.com/bbcnews,,apply,handle matches name/domain
44,GB,Mirror,facebook_url,https://www.facebook.com/dailymirror,,apply,handle matches name/domain
44,GB,Mirror,instagram_url,https://www.instagram.com/dailymirror,,apply,handle matches name/domain
44,GB,Mirror,tiktok_url,https://www.tiktok.com/@dailymirror,,apply,handle matches name/domain
44,GB,Mirror,x_url,https://x.com/dailymirror,,apply,handle matches name/domain
6757,GB,PA Media (Press Association),facebook_url,https://www.facebook.com/pamediagroupuk,,apply,handle matches name/domain
6757,GB,PA Media (Press Association),x_url,https://x.com/pa,,review,handle does not match name/domain
43,GB,The Independent,facebook_url,https://www.facebook.com/theindependentonline,,apply,handle matches name/domain
43,GB,The Independent,x_url,https://x.com/independent,,apply,handle matches name/domain
52,US,ABC News,facebook_url,https://www.facebook.com/abcnews,,apply,handle matches name/domain
52,US,ABC News,youtube_url,https://www.youtube.com/@ABCNews,,apply,handle matches name/domain
52,US,ABC News,instagram_url,https://www.instagram.com/abcnews,,apply,handle matches name/domain
52,US,ABC News,tiktok_url,https://www.tiktok.com/@abcnews,,apply,handle matches name/domain
52,US,ABC News,x_url,https://x.com/abc,,apply,handle matches name/domain
51,US,CBS News,facebook_url,https://www.facebook.com/cbsnews,,apply,handle matches name/domain
51,US,CBS News,instagram_url,https://www.instagram.com/cbsnews,,apply,handle matches name/domain
51,US,CBS News,x_url,https://x.com/cbsnews,,apply,handle matches name/domain
50,US,Fox News,facebook_url,https://www.facebook.com/foxnews,,apply,handle matches name/domain
50,US,Fox News,instagram_url,https://www.instagram.com/foxnews,,apply,handle matches name/domain
50,US,Fox News,x_url,https://x.com/foxnews,,apply,handle matches name/domain
7820,US,QA Test Publisher (with feed) - delete me,facebook_url,https://www.facebook.com/nasa,,apply,handle matches name/domain
7820,US,QA Test Publisher (with feed) - delete me,youtube_url,https://www.youtube.com/@NASA,,apply,handle matches name/domain
7820,US,QA Test Publisher (with feed) - delete me,instagram_url,https://www.instagram.com/nasa,,apply,handle matches name/domain
7820,US,QA Test Publisher (with feed) - delete me,x_url,https://x.com/nasa,,apply,handle matches name/domain
1027,UZ,Gazeta.uz,facebook_url,https://www.facebook.com/gazetauznews,,apply,handle matches name/domain
1027,UZ,Gazeta.uz,youtube_url,https://www.youtube.com/@GazetaUzb,,apply,handle matches name/domain
1027,UZ,Gazeta.uz,instagram_url,https://www.instagram.com/gazetauzb,,apply,handle matches name/domain
1027,UZ,Gazeta.uz,x_url,https://x.com/gazetauz_news,,apply,handle matches name/domain
1028,UZ,Spot.uz,facebook_url,https://www.facebook.com/spotuz,,apply,handle matches name/domain
1028,UZ,Spot.uz,youtube_url,https://www.youtube.com/channel/UC1tIaVfrkn8SFe9WMhyLGiQ,,review,handle does not match name/domain
1028,UZ,Spot.uz,instagram_url,https://www.instagram.com/spot.uz,,apply,handle matches name/domain
1029,UZ,UzDaily,facebook_url,https://www.facebook.com/uzdaily.uz,,apply,handle matches name/domain
1029,UZ,UzDaily,instagram_url,https://www.instagram.com/uzdailyuz,,apply,handle matches name/domain
1029,UZ,UzDaily,x_url,https://x.com/uzdailyuz,,apply,handle matches name/domain
2070,VU,Asia Pacific Report: Vanuatu,facebook_url,https://www.facebook.com/asiapacificreportnz,,apply,handle matches name/domain
2070,VU,Asia Pacific Report: Vanuatu,youtube_url,https://www.youtube.com/channel/UC5CTJ6Yo_cjtUCY6mWrd1oQ,,review,handle does not match name/domain
2070,VU,Asia Pacific Report: Vanuatu,x_url,https://x.com/davidrobie,,review,handle does not match name/domain
1557,VE,Runrun.es,facebook_url,https://www.facebook.com/runrunes,,apply,handle matches name/domain
1557,VE,Runrun.es,youtube_url,https://www.youtube.com/user/RunrunEstudio,,apply,handle matches name/domain
1557,VE,Runrun.es,instagram_url,https://www.instagram.com/runrunesweb,,apply,handle matches name/domain
1557,VE,Runrun.es,x_url,https://x.com/runrunesweb,,apply,handle matches name/domain
1556,VE,TalCual,facebook_url,https://www.facebook.com/talcualdigital,,apply,handle matches name/domain
1556,VE,TalCual,youtube_url,https://www.youtube.com/channel/UCpdRlyxhhtoPim2VgcSpVNA,,review,handle does not match name/domain
1556,VE,TalCual,instagram_url,https://www.instagram.com/talcualdigital,,apply,handle matches name/domain
988,VN,Thanh Niên,facebook_url,https://www.facebook.com/thanhnien,,apply,handle matches name/domain
988,VN,Thanh Niên,youtube_url,https://www.youtube.com/channel/UCIW9cGgoRuGJnky3K3tbzNg,,review,handle does not match name/domain
988,VN,Thanh Niên,tiktok_url,https://www.tiktok.com/@baothanhnien.official,,apply,handle matches name/domain
987,VN,Tuổi Trẻ,facebook_url,https://www.facebook.com/baotuoitre,,apply,handle matches name/domain
987,VN,Tuổi Trẻ,youtube_url,https://www.youtube.com/channel/UCrwJa6KRHWnJpJPZNeKKcvA,https://www.youtube.com/channel/UC47WI-kZXFf0H_f7pvaNCEQ,review,handle does not match name/domain
986,VN,VnExpress International,facebook_url,https://www.facebook.com/vnexpressinternational,,apply,handle matches name/domain
986,VN,VnExpress International,x_url,https://x.com/vietnamenglish,,review,handle does not match name/domain
1055,YE,RFI: Yemen,youtube_url,https://www.youtube.com/channel/UC94pBdaUbepV5n3_F_isSWg,,review,handle does not match name/domain
1054,YE,Yemen Monitor,facebook_url,https://www.facebook.com/yemenmonitor,,apply,handle matches name/domain
1054,YE,Yemen Monitor,x_url,https://x.com/yemonitor,,apply,handle matches name/domain
281,ZM,Daily Mail Zambia,facebook_url,https://www.facebook.com/zambiadailymail,,apply,handle matches name/domain
281,ZM,Daily Mail Zambia,x_url,https://x.com/zadama24,,review,handle does not match name/domain
282,ZM,Diggers News,facebook_url,https://www.facebook.com/diggers.news,,apply,handle matches name/domain
282,ZM,Diggers News,youtube_url,https://www.youtube.com/c/NewsDiggers,,apply,handle matches name/domain
282,ZM,Diggers News,x_url,https://x.com/diggersofnews,,apply,handle matches name/domain
280,ZM,Lusaka Times,facebook_url,https://www.facebook.com/tagdiv,,review,handle does not match name/domain
280,ZM,Lusaka Times,x_url,https://x.com/tagdivofficial,,review,handle does not match name/domain
276,ZW,263Chat,facebook_url,https://www.facebook.com/263chat,,apply,handle matches name/domain
276,ZW,263Chat,youtube_url,https://www.youtube.com/c/263chat,,apply,handle matches name/domain
276,ZW,263Chat,instagram_url,https://www.instagram.com/263chat,,apply,handle matches name/domain
276,ZW,263Chat,x_url,https://x.com/263chat,,apply,handle matches name/domain
277,ZW,The Zimbabwe Mail,facebook_url,https://www.facebook.com/datascripmall,,review,handle does not match name/domain
277,ZW,The Zimbabwe Mail,youtube_url,https://www.youtube.com/@datascripmall,,review,handle does not match name/domain
277,ZW,The Zimbabwe Mail,instagram_url,https://www.instagram.com/datascripmall,,review,handle does not match name/domain
277,ZW,The Zimbabwe Mail,tiktok_url,https://www.tiktok.com/@datascripmall,,review,handle does not match name/domain
